ETA,A_1952,A_1953,A_1954,A_1955,A_1956,A_1957,A_1958,A_1959,A_1960,A_1961,A_1962,A_1963,A_1964,A_1965,A_1966,A_1967,A_1968,A_1969,A_1970,A_1971,A_1972,A_1973,A_1974,A_1975,A_1976,A_1977,A_1978,A_1979,A_1980,A_1981,A_1982,A_1983,A_1984,A_1985,A_1986,A_1987,A_1988,A_1989,A_1990,A_1991,A_1992,A_1993,A_1994,A_1995,A_1996,A_1997,A_1998,A_1999,A_2000,A_2001,A_2002,A_2003,A_2004,A_2005,A_2006,A_2007,A_2008,A_2009,A_2010,A_2011,A_2012,A_2013,A_2014,A_2015,A_2016,A_2017,A_2018,A_2019,A_2020,A_2021,A_2022,A_2023,A_2024,A_2025,A_2026,A_2027,A_2028,A_2029,A_2030,A_2031,A_2032,A_2033,A_2034,A_2035,A_2036,A_2037,A_2038,A_2039,A_2040,A_2041,A_2042,A_2043,A_2044,A_2045,A_2046,A_2047,A_2048,A_2049,A_2050,A_2051,A_2052,A_2053,A_2054,A_2055,A_2056,A_2057,A_2058,A_2059,A_2060,A_2061,A_2062,A_2063,A_2064,A_2065
0,47512,48131,48341,48252,48425,50505,51511,52298,55576,57292,59188,63039,68037,73389,73398,72759,69333,69090,69323,67953,66756,67360,66411,66420,63159,57364,53641,50232,46433,44386,42507,42790,41619,39835,39332,37490,37469,39097,38349,39335,36252,39761,38910,38558,38723,40308,41242,41493,42059,43433,42750,44353,44837,46918,47413,48603,49142,49850,49929,49074,42587,44193,44901,46782,47377,48570,42900,41257,41166,41557,42068,42246,42194,42199,42282,42435,42619,42891,43153,43519,43856,44244,44609,45004,45354,45716,46011,46271,46488,46675,46776,46835,46864,46768,46646,46475,46201,45935,45690,45424,45149,44967,44827,44706,44634,44653,44629,44660,44757,44857,44986,45194,45335,45531
1,49631,46773,47700,47922,48043,48339,50252,51497,52638,55758,56918,59358,62881,67778,73188,73233,72904,69402,69329,69581,68054,66786,67218,66236,66119,62923,57153,53503,50222,46331,44307,42535,42640,41596,39843,39323,37546,37594,39085,38468,37112,36820,39733,38942,38619,38945,40335,41037,41456,42215,43261,43083,44568,45305,47032,47593,48681,49107,49811,49752,43389,43191,44838,45867,47020,47910,44288,43385,41480,41391,41785,42297,42473,42420,42424,42505,42655,42836,43105,43361,43722,44053,44435,44794,45183,45529,45884,46175,46429,46640,46822,46917,46971,46995,46893,46770,46597,46321,46053,45807,45540,45263,45081,44939,44816,44742,44759,44732,44761,44855,44952,45078,45282,45421
2,50861,49702,47194,47847,47971,48159,48566,50655,52056,53265,55751,57788,59934,63061,67910,73366,73339,73185,69773,69611,70017,68044,66963,67194,66179,65914,62762,57007,53418,50236,46259,44235,42496,42507,41514,39791,39283,37616,37658,39090,36953,37435,36998,39747,39050,38800,39099,40458,40948,41473,42364,43661,43590,44965,45812,47195,47776,48918,49069,49811,42178,43816,44218,45661,46542,47401,45518,44323,43580,41680,41594,41992,42501,42675,42622,42623,42702,42850,43029,43293,43545,43900,44226,44602,44956,45340,45680,46030,46315,46565,46771,46948,47038,47087,47105,47002,46877,46703,46426,46157,45910,45641,45364,45180,45036,44911,44836,44850,44822,44848,44939,45035,45158,45360
3,54011,51098,50081,47400,47972,48295,48453,49137,51437,52811,53265,56183,58743,60375,63376,68062,73535,73369,73460,70085,69989,70079,68048,67156,67182,66127,65719,62611,56863,53344,50254,46124,44099,42590,42457,41408,39770,39297,37680,37703,37470,37251,37632,37280,39864,39247,38898,39301,40566,40898,41530,42701,44109,44111,45346,46178,47368,48137,49140,49125,41610,42585,44623,44971,45797,46841,47283,45569,44504,43759,41866,41784,42180,42688,42860,42805,42805,42883,43029,43203,43463,43710,44061,44381,44752,45101,45480,45815,46160,46441,46685,46887,47059,47144,47188,47205,47101,46975,46799,46522,46252,46004,45734,45456,45270,45125,44999,44921,44934,44903,44927,45016,45109,45231
4,52993,54217,51474,50549,47589,48435,48487,48920,49660,51996,52924,53753,56643,59555,61021,63733,68259,73738,73515,73799,70533,70042,70158,68069,67355,67186,66080,65534,62464,56728,53261,50082,45900,44040,42636,42395,41413,39788,39298,37702,36234,37782,37387,37830,37574,40016,39315,39030,39472,40680,40859,41852,43072,44759,44581,45498,46474,47596,48228,49276,41105,42068,43391,45523,45478,46145,48657,47305,45737,44678,43933,42047,41965,42360,42865,43035,42980,42978,43054,43197,43368,43624,43866,44211,44527,44894,45238,45612,45942,46283,46559,46798,46995,47162,47243,47286,47301,47196,47069,46893,46615,46344,46095,45825,45545,45358,45212,45083,45004,45015,44982,45004,45091,45182
5,56515,53309,54582,51835,50830,48045,59322,48947,49400,50324,52121,53279,54165,57023,60476,61470,63994,68477,73878,73581,74213,70636,70096,70246,68081,67554,67190,66033,65348,62325,56594,53127,49896,45788,44034,42703,42413,41387,39813,39329,36318,36414,37939,37525,38084,38149,40129,39484,39162,39655,40783,41218,42257,43478,45259,45049,45763,46724,47636,48175,40812,41530,42779,43859,46005,45929,50444,48628,47470,45902,44851,44107,42223,42141,42534,43037,43206,43149,43147,43220,43359,43526,43778,44015,44356,44668,45030,45369,45739,46065,46401,46672,46907,47099,47262,47341,47383,47397,47291,47164,46987,46708,46436,46187,45915,45634,45446,45298,45168,45087,45096,45062,45082,45167
6,41986,56790,53921,54758,52123,51207,44135,49079,49330,49973,50366,52604,53671,54550,57434,61398,62096,64416,68704,73966,73803,74295,70741,70162,70338,68110,67753,67203,65993,65155,62155,56399,52985,49786,45688,44007,42842,42430,41410,39809,38093,36662,36529,38098,37761,38585,38620,40261,39626,39278,39826,41101,41601,42871,43844,45575,45487,45997,46837,47684,39889,41269,42324,43510,44378,46338,51201,50404,48790,47637,46072,45027,44280,42399,42316,42708,43208,43375,43318,43313,43383,43519,43682,43929,44163,44500,44807,45164,45499,45865,46186,46517,46784,47015,47202,47364,47442,47483,47497,47390,47262,47084,46804,46532,46282,46009,45727,45536,45387,45256,45173,45181,45144,45164
7,45632,42320,57505,54219,55135,52454,48691,48769,49735,49758,49967,50873,53005,54080,54975,57820,62295,62660,64742,69030,74264,73943,74373,70864,70241,70425,68132,67950,67219,65949,64976,61985,56201,52951,49757,45625,43967,42967,42476,41461,38688,38322,36785,36671,38293,38129,39060,39206,40440,39750,39431,40110,41388,42141,43426,44112,45950,45921,46118,46979,39633,40304,41922,43009,44116,44716,51018,51179,50566,48957,47810,46248,45205,44456,42577,42493,42883,43381,43547,43488,43479,43546,43679,43838,44081,44311,44643,44946,45299,45630,45991,46308,46635,46898,47124,47310,47471,47548,47588,47601,47494,47365,47187,46906,46633,46381,46108,45824,45633,45482,45349,45265,45270,45233
8,46687,45929,42668,57881,54630,55539,49487,52180,49366,50341,49939,50645,51418,53532,54483,55420,58223,63274,63310,64987,69211,74422,74080,74463,70984,70313,70509,68152,68152,67228,65902,64862,61793,56044,52907,49710,45611,44033,43096,42517,40434,38897,38422,36922,36860,38685,38495,39551,39752,40572,39853,39753,40443,41817,42685,43958,44491,46322,46226,46230,40043,40101,40930,42472,43584,44603,50355,50997,51346,50736,49133,47992,46428,45387,44636,42758,42673,43062,43558,43721,43659,43648,43712,43840,43996,44236,44461,44790,45088,45438,45764,46121,46433,46756,47014,47239,47425,47584,47661,47700,47712,47604,47475,47296,47015,46740,46487,46212,45927,45735,45582,45448,45363,45367
9,48770,46991,46565,42955,58270,55135,55872,53256,52854,49964,50269,50518,51204,51939,54028,54928,55947,58597,64171,63806,65408,69407,74578,74220,74558,71105,70383,70606,68182,68350,67225,65827,64769,61637,55904,52904,49699,45615,44112,43195,41643,40671,39017,38545,37107,37165,39038,38906,40022,40292,40698,40199,40120,40994,42380,43177,44380,44965,46741,46495,40882,40519,40762,41468,42996,44018,50647,50382,51174,51523,50917,49319,48180,46615,45575,44822,42945,42859,43246,43739,43898,43834,43820,43880,44006,44158,44394,44615,44940,45234,45579,45901,46254,46562,46881,47138,47362,47547,47705,47781,47819,47831,47723,47592,47412,47130,46855,46600,46324,46038,45844,45691,45555,45468
10,51348,49187,47571,47075,43289,58821,55595,56267,54021,53572,50054,50945,51024,51700,52308,54364,55365,56264,58976,65119,64461,65671,69606,74759,74369,74656,71234,70462,70703,68213,68542,67188,65652,64626,61580,55857,52932,49731,45612,44175,42402,41903,40788,39133,38723,37464,37487,39397,39304,40469,40780,41015,40586,40758,41469,42828,43628,44868,45311,47098,40593,41315,41162,41373,41941,43410,49384,50625,50568,51360,51712,51108,49513,48375,46808,45769,45013,43137,43050,43434,43924,44081,44014,43996,44053,44175,44323,44556,44774,45094,45385,45725,46043,46392,46696,47013,47269,47492,47676,47834,47909,47947,47958,47849,47717,47536,47253,46976,46721,46444,46156,45961,45806,45669
11,57267,51708,49945,48024,47539,43679,59312,56237,56914,54626,53704,50653,51503,51620,52323,52790,54942,55842,56745,59396,66054,64756,65937,69804,74936,74509,74759,71352,70536,70808,68240,68445,67091,65565,64568,61501,55835,52938,49776,45655,43518,42613,42012,40897,39355,39018,37806,37819,39813,39677,40931,41003,41376,41082,41293,41789,43206,44067,45257,45593,40783,41030,41911,41741,41876,42244,49031,49427,50821,50766,51561,51913,51310,49715,48578,47009,45972,45213,43337,43249,43630,44116,44269,44199,44179,44233,44351,44496,44724,44938,45255,45541,45878,46192,46536,46839,47155,47410,47633,47816,47973,48047,48085,48095,47984,47852,47670,47385,47107,46851,46572,46284,46087,45931
12,56575,57658,52509,50371,48421,48136,44062,60030,57030,57585,54687,54811,51321,51957,52187,52883,53296,55438,56211,57103,59894,65995,65043,66197,70007,75097,74658,74860,71471,70612,70899,68171,68324,67017,65515,64497,61465,55846,52969,49805,45124,43716,42701,42175,41062,39663,39329,38124,38143,40207,39997,41045,41194,41843,41576,41712,42151,43655,44539,45598,40001,41199,41593,42459,42283,42269,48432,49060,49636,51029,50979,51775,52125,51521,49927,48790,47220,46183,45422,43546,43455,43833,44315,44465,44392,44368,44419,44534,44675,44900,45110,45422,45705,46037,46347,46690,46992,47307,47561,47783,47965,48122,48196,48232,48241,48129,47996,47812,47527,47248,46990,46710,46420,46223
13,56184,56970,58583,52981,50901,48915,48682,44599,60805,57789,57569,55638,55938,51851,52644,52841,53445,53801,55785,56571,57674,60361,65946,65339,66458,70200,75267,74795,74954,71596,70681,70830,68128,68264,67005,65460,64516,61544,55879,53015,49366,45335,43807,42830,42363,41374,39992,39673,38501,38443,40544,40132,41226,41636,42392,41955,42136,42627,44074,44952,40698,40391,41691,42116,42964,42638,47683,48465,49285,49862,51255,51208,52002,52350,51745,50152,49015,47442,46406,45641,43765,43671,44046,44524,44670,44595,44568,44615,44726,44864,45085,45291,45600,45878,46206,46514,46856,47157,47472,47725,47946,48128,48283,48357,48392,48399,48287,48152,47967,47681,47400,47142,46860,46570
14,52120,56677,57782,59225,53481,51462,49520,49444,45245,61722,57907,58967,56512,56971,52471,53169,53406,53957,54286,56257,57117,58140,60822,65887,65624,66714,70395,75421,74936,75040,71703,70622,70719,68109,68256,66979,65468,64479,61568,55908,52750,49546,45459,43966,43038,42653,41669,40325,39989,38897,38744,40717,40291,41577,42096,42829,42380,42586,43103,44463,39126,41140,40922,42182,42704,43475,48118,47791,48707,49529,50107,51501,51453,52245,52590,51984,50391,49254,47679,46642,45874,43997,43900,44271,44746,44889,44810,44780,44823,44931,45065,45282,45484,45788,46062,46389,46696,47037,47337,47651,47904,48124,48305,48459,48531,48565,48572,48457,48321,48136,47848,47567,47307,47025
15,49238,52554,57506,58329,59676,54064,51959,50082,50338,45869,61759,58944,60442,57403,58080,53081,53661,53863,54535,54824,56849,57681,58592,61266,65830,65894,66963,70585,75571,75068,75118,71636,70532,70696,68079,68294,67019,65507,64555,61647,55888,52893,49626,45603,44128,43296,42988,42032,40674,40318,39199,38897,40935,40651,42012,42442,43177,42865,43087,43528,39167,39565,41684,41522,42811,43113,48747,48217,48057,48975,49800,50379,51768,51720,52510,52851,52243,50651,49514,47936,46899,46126,44248,44148,44515,44986,45125,45043,45009,45049,45153,45283,45495,45693,45993,46265,46591,46897,47237,47537,47850,48102,48321,48501,48654,48725,48757,48762,48647,48510,48323,48034,47752,47490
16,52615,49746,53498,58120,58742,60537,54814,52822,50858,51226,45911,62846,59905,61743,58192,59128,53678,54267,54358,55089,55344,57431,58226,59030,61709,65739,66157,67193,70748,75704,75185,75090,71622,70466,70659,68114,68424,67124,65613,64688,61854,56052,52965,49717,45764,44459,43597,43369,42394,41029,40609,39311,39069,41410,41143,42321,42703,43704,43445,43558,40640,39522,40210,42478,42188,43244,47354,48889,48516,48359,49279,50106,50682,52067,52018,52804,53142,52532,50940,49802,48222,47183,46406,44525,44423,44786,45252,45387,45302,45265,45300,45400,45525,45733,45926,46225,46496,46821,47126,47465,47763,48075,48327,48545,48723,48875,48944,48975,48979,48863,48724,48536,48245,47962
17,51368,53053,50691,54066,58490,59370,61146,55639,53680,51730,51260,46844,63789,60854,62964,59124,60175,54289,54812,54959,55730,55926,58000,58757,59471,62134,65657,66410,67400,70892,75805,75159,75014,71561,70477,70690,68198,68603,67274,65698,65013,61975,56145,53074,49872,46072,44817,43971,43719,42738,41329,40741,39400,39632,41989,41591,42724,43219,44235,43928,41443,41067,40136,40955,43180,42757,47413,47595,49233,48862,48708,49630,50455,51027,52407,52357,53139,53473,52862,51268,50130,48545,47505,46723,44841,44734,45093,45555,45685,45596,45554,45585,45680,45800,46003,46195,46492,46762,47086,47390,47728,48025,48337,48586,48803,48979,49130,49197,49227,49230,49111,48972,48782,48490
18,51718,51914,54028,51338,54642,59164,60019,62017,56589,54579,51816,52019,47554,64777,61918,64409,59875,61222,54753,55393,55621,56330,56514,58578,59301,59904,62546,65558,66646,67613,71066,75849,75119,75014,71623,70545,70811,68398,68860,67467,66158,65152,62035,56295,53226,50128,46396,45184,44387,44138,43021,41567,41022,40123,40406,42822,42202,43479,43957,44986,43149,41963,41800,41165,41922,44070,47060,47977,48000,49640,49271,49121,50040,50862,51429,52803,52750,53528,53858,53243,51649,50508,48919,47876,47089,45206,45095,45449,45905,46030,45936,45889,45915,46005,46119,46321,46511,46806,47075,47397,47700,48037,48334,48643,48891,49105,49281,49429,49495,49523,49523,49404,49262,49071
19,52793,52145,53018,54648,52884,55387,59894,60722,63135,57603,54664,52480,52803,48516,65826,62755,65717,60830,62186,55384,55978,56164,56923,57097,59116,59840,60347,62967,65456,66884,67825,71310,76058,75242,75154,71748,70710,71249,68673,69203,68126,66373,65307,62161,56458,53530,50400,46764,45643,44878,44525,43071,41944,41495,40581,40916,43650,43175,44323,44783,44518,43516,42956,42665,41865,42584,47112,48158,48461,48486,50127,49761,49607,50523,51341,51902,53269,53213,53986,54310,53691,52095,50952,49357,48312,47519,45632,45517,45865,46314,46434,46334,46281,46301,46384,46497,46697,46885,47179,47447,47768,48069,48405,48699,49006,49251,49464,49637,49783,49848,49873,49872,49751,49607
20,53901,53295,53143,53572,55161,53663,56142,60704,61747,64167,57714,55431,53262,53584,49421,66776,63768,67030,61593,63281,56075,56537,56726,57537,57686,59691,60366,60778,63396,65361,67163,68338,71822,76509,75746,75554,72259,71243,71623,69216,70197,68541,66647,65535,62461,56966,53966,50861,47366,46258,45355,44505,43557,42537,41718,40851,41816,44480,43996,45024,45161,44885,44611,43975,43177,42369,46415,47935,48737,49043,49069,50712,50342,50184,51095,51908,52461,53819,53760,54527,54843,54219,52621,51474,49872,48825,48023,46133,46012,46354,46795,46907,46801,46741,46754,46836,46946,47144,47331,47623,47889,48208,48508,48841,49132,49436,49679,49889,50060,50204,50265,50289,50285,50161
21,56085,54319,54097,53668,54174,55992,54364,57079,61816,62749,64263,58421,56069,54061,54442,50166,67757,64789,68377,62464,64360,56666,57119,57300,58138,58260,60248,60904,61200,63806,65286,67737,68859,72264,77102,76394,76296,73095,72207,72635,70612,70927,69008,67088,66171,63010,57609,54509,51526,48180,46886,45407,45264,44393,42738,41959,41894,42833,45108,44660,46540,45524,46224,45737,44490,43655,46437,47181,48628,49431,49740,49767,51404,51028,50865,51769,52577,53121,54469,54405,55163,55470,54839,53237,52087,50476,49426,48614,46720,46593,46925,47357,47461,47348,47279,47290,47369,47477,47673,47858,48148,48411,48728,49025,49354,49642,49943,50183,50390,50557,50698,50757,50777,50771
22,53343,56487,55170,54575,54203,54988,56778,55426,58319,62950,62770,65484,59138,56804,54909,55183,51065,68773,65846,69705,63389,64460,57272,57690,57862,58730,58847,60814,61436,61633,64283,65650,68059,69296,72844,77708,77164,77137,74067,73243,74057,71395,71473,69621,67828,66877,63736,58372,55289,52435,48872,47051,46448,46392,44780,43123,43014,42957,43447,45945,48746,46969,46987,47720,46552,45214,46849,47068,47999,49445,50250,50562,50580,52210,51827,51656,52554,53355,53889,55224,55154,55902,56197,55558,53951,52797,51174,50120,49297,47397,47261,47583,48006,48099,47976,47906,47913,47990,48096,48289,48471,48759,49019,49333,49625,49950,50234,50531,50767,50970,51133,51271,51326,51343
23,53963,53670,57354,55679,55139,55096,55946,57703,56701,59466,63025,63883,66607,59688,57528,55592,55864,51967,69766,66819,71007,63786,64563,57885,58259,58438,59331,59427,61378,61973,62077,64525,65947,68297,69748,73215,78355,77933,78129,75125,74795,74858,71943,71925,70229,68545,67563,64582,59362,56216,53210,49180,48517,47968,46859,45194,44368,44245,43769,44522,53371,49275,48706,48753,48711,47262,48367,47455,48018,48946,50392,51199,51502,51510,53132,52739,52561,53450,54245,54765,56085,56008,56744,57024,56376,54764,53602,51966,50908,50070,48163,48017,48328,48738,48819,48695,48621,48626,48700,48803,48993,49172,49456,49712,50020,50307,50628,50906,51199,51431,51629,51789,51921,51972
24,54459,54277,54387,57855,56215,55827,55811,56947,58994,57924,59622,63707,64892,67581,60437,58183,56448,56734,52818,70820,67798,70979,64173,64699,58489,58828,58995,59952,60015,61928,62529,62274,64823,66138,68696,70139,73710,78992,78697,79101,76476,75518,75417,72404,72339,70943,69235,68376,65564,60333,57003,53598,50945,50444,48518,47324,46466,45674,45369,44939,57217,53995,51234,50726,50149,49706,48441,49054,48538,49096,50022,51468,52264,52559,52554,54167,53764,53576,54457,55244,55747,57051,56963,57685,57950,57291,55670,54502,52848,51785,50929,49013,48857,49155,49550,49628,49500,49423,49426,49497,49596,49782,49958,50236,50486,50788,51070,51384,51658,51945,52171,52365,52518,52646
25,53324,54770,55011,54794,58380,56906,56499,56782,58169,60242,57133,60197,64510,66001,68821,61120,58902,57228,57471,53743,71815,67992,70931,64569,64834,59117,59404,59557,60553,60596,62500,62642,62440,65068,66463,68954,70641,74176,79611,79431,80434,77016,75877,75690,72818,72949,71559,69934,69305,66570,61250,57623,55678,53440,51174,49083,48764,47899,46831,46795,61324,57976,56231,53529,52587,51230,49593,49250,50262,49735,50290,51213,52645,53431,53715,53696,55300,54885,54686,55558,56335,56820,58103,58004,58712,58960,58286,56657,55480,53806,52735,51859,49932,49764,50048,50438,50510,50381,50301,50300,50367,50462,50644,50814,51085,51328,51624,51899,52207,52475,52755,52976,53163,53311
26,53897,53496,55407,55416,55153,59186,57514,57267,57968,59491,60279,57928,60727,65331,66955,69892,61950,59596,57999,58338,54573,71931,68188,70907,64971,64960,59747,59973,60125,61172,61204,62562,62804,62763,65451,66839,69325,71038,74720,80309,80600,80887,77187,76122,76023,73432,73418,72302,70772,70256,67443,61945,59861,58590,54316,51794,50581,50356,49143,48466,67457,62160,60415,58909,55770,53785,50037,50599,50552,51574,51036,51587,52492,53911,54684,54957,54923,56517,56090,55878,56738,57504,57968,59230,59119,59811,60039,59351,57711,56525,54826,53748,52849,50909,50727,51006,51391,51459,51327,51243,51238,51301,51391,51568,51729,51993,52230,52517,52785,53087,53346,53622,53834,54015
27,53678,54102,54104,55748,55817,55849,59866,58395,58394,59338,59731,60836,58663,61343,66061,68055,70965,62645,60271,58760,59093,54592,72049,68378,70880,65382,65086,60361,60549,60692,61779,61306,62629,63001,63116,65775,67214,69802,71572,75229,81686,81026,81061,77301,76357,76594,74031,74067,73058,71618,71051,68214,64446,62965,59573,54982,53291,52127,51707,50752,71296,68374,64644,63279,61436,57128,52313,50919,51972,51928,52963,52413,52944,53832,55236,55996,56257,56205,57792,57349,57121,57969,58724,59164,60404,60282,60956,61164,60458,58807,57608,55883,54797,53873,51918,51734,52008,52387,52451,52316,52228,52218,52277,52361,52529,52682,52940,53167,53447,53708,54001,54254,54520,54727
28,54263,53855,54508,54288,55998,56296,56383,60707,59523,59501,59371,60029,61219,59531,61769,66892,69102,72112,63347,61044,59621,59061,54602,72181,68559,70859,65784,65235,60967,61129,61236,61806,61286,62590,63268,63423,66133,67712,70240,72031,76285,81957,81114,81179,77530,76904,77167,74637,74694,73838,72471,71985,70767,67516,64209,60392,56480,54586,53188,53389,72669,72328,71160,67697,65814,62811,51605,53189,52330,53397,53359,54408,53828,54339,55208,56597,57344,57592,57524,59100,58639,58395,59229,59971,60388,61607,61470,62127,62313,61591,59926,58714,56961,55865,54914,52955,52768,53038,53412,53470,53332,53240,53226,53278,53354,53514,53660,53907,54127,54399,54650,54937,55181,55440
29,51160,54542,54336,54680,54624,56633,56912,57122,61947,60615,59623,59571,60328,61630,60343,62367,67669,70234,73287,64022,61661,59575,59030,54629,72292,68761,70824,66196,65364,61580,61712,61123,61679,61395,62729,63460,63708,66509,68166,70653,73024,76568,81955,81110,81298,77910,77390,77723,75341,75347,74609,73537,74764,74034,68985,65021,61873,57886,55638,54718,74651,73767,75252,75148,70131,67089,52517,52375,54599,53749,54834,54800,55848,55239,55729,56579,57953,58687,58924,58835,60400,59920,59659,60479,61209,61603,62799,62648,63287,63452,62711,61031,59806,58023,56918,55952,53987,53799,54065,54433,54486,54345,54248,54228,54272,54339,54492,54628,54868,55079,55341,55585,55862,56099
30,53181,51419,54931,54648,54992,55006,57038,57527,58054,63058,60704,59923,59881,60689,62128,61092,62996,68519,71334,74393,64689,61632,59513,59009,54636,72396,68966,70794,66588,65500,62193,61539,60923,61672,61445,62811,63693,64085,66855,68684,71602,73257,76601,81911,81188,81690,78264,77786,78419,76012,76146,75822,76266,78136,75594,70073,66687,63399,58792,57117,76042,75731,76495,78903,76677,71444,54770,53285,53737,55980,55142,56245,56201,57249,56610,57079,57910,59269,59992,60214,60104,61659,61159,60879,61686,62406,62775,63948,63784,64407,64549,63789,62095,60857,59044,57940,56959,54990,54799,55061,55425,55473,55328,55225,55197,55234,55294,55436,55565,55797,55997,56253,56486,56756
31,51954,53274,51776,55061,54824,55329,55423,57640,58362,59034,63203,60931,60090,60118,60972,62518,61874,63467,69316,72296,75439,64610,61603,59460,58989,54640,72498,69148,70752,66978,65599,61916,61272,60807,61652,61514,62987,63869,64398,67137,69499,71726,73270,76562,81955,81421,82006,78625,78256,78991,76644,77075,78075,79018,79447,76342,71399,67869,64052,59909,76697,77130,78344,79882,80571,77874,56836,55578,54570,55033,57298,56471,57577,57523,58570,57902,58352,59164,60511,61219,61426,61296,62839,62319,62023,62818,63525,63873,65024,64848,65452,65573,64796,63087,61835,60006,58904,57908,55935,55742,56000,56358,56402,56253,56142,56107,56137,56187,56324,56443,56665,56859,57104,57331
32,34208,52100,53641,52092,55294,55131,55641,55893,58360,59307,58964,63591,61015,60321,60435,61418,62974,62729,64068,70006,73336,74948,64516,61587,59420,58956,54651,72623,69336,70711,67315,65273,61556,61125,60712,61650,61620,63200,64049,64728,67863,69588,71705,73222,76520,82037,81552,82335,79001,78691,79519,77427,79109,80536,80025,80131,77338,72274,68435,64753,79558,77882,79864,81832,81425,81751,58507,57394,56760,55756,56233,58519,57689,58798,58735,59780,59086,59517,60314,61645,62338,62532,62381,63912,63375,63063,63845,64542,64868,66000,65810,66398,66499,65704,63982,62729,60884,59784,58775,56798,56603,56857,57211,57249,57094,56976,56936,56957,57001,57129,57239,57455,57638,57877
33,26602,34332,52414,53705,53180,55621,55508,55985,56487,59223,59324,59203,63944,61194,60505,60636,61701,63398,63524,64608,70783,73037,74466,64415,61559,59372,58947,54669,72730,69532,70626,67012,64951,61350,61018,60627,61684,61663,63303,64185,65333,67919,69477,71590,73156,76623,82147,81784,82654,79403,79230,80119,79073,81339,81552,80313,80953,77975,72386,68894,79534,80747,80417,82751,83126,82237,61518,58957,58443,57818,56823,57313,59604,58773,59883,59812,60856,60137,60553,61333,62648,63327,63506,63336,64857,64304,63977,64748,65434,65741,66853,66652,67225,67306,66496,64772,63518,61659,60562,59541,57561,57363,57615,57963,57994,57834,57712,57662,57679,57715,57834,57938,58144,58322
34,27970,26635,34538,52469,53793,53608,55920,55875,56462,57223,59170,59360,59319,64314,61263,60726,60799,62010,63839,64213,65167,70610,72722,73981,64330,61520,59310,58913,54657,72855,69691,70229,66668,64663,61235,60876,60533,61691,61701,63509,64724,65353,67790,69324,71530,73181,76686,82282,81974,82990,79663,79390,81253,80639,81716,81386,80449,80804,77541,72319,80206,80730,83173,82956,84036,83900,62460,61775,59865,59359,58748,57761,58251,60546,59714,60825,60746,61788,61050,61448,62211,63511,64176,64343,64156,65668,65098,64759,65518,66195,66484,67577,67366,67925,67988,67174,65448,64195,62325,61230,60198,58216,58017,58264,58606,58631,58468,58337,58284,58294,58321,58436,58531,58732
35,37448,27999,26613,34623,52650,53995,53799,56164,56477,57097,57203,59336,59472,59517,64674,61469,61016,61016,62381,64217,64970,65024,70405,72406,73487,64215,61469,59244,58868,54638,72887,69312,69864,66375,64501,61044,60786,60511,61736,61783,64059,64719,65263,67647,69296,71578,73240,76869,82412,82156,83282,80167,80601,82924,81064,81688,81716,80610,80530,77471,83518,81470,83183,85563,83866,84681,64022,62786,62551,60650,60155,59557,58566,59056,61354,60521,61634,61548,62589,61830,62212,62960,64245,64897,65052,64851,66352,65769,65418,66168,66835,67107,68184,67963,68509,68564,67747,66022,64769,62889,61796,60755,58772,58570,58813,59149,59169,59000,58866,58807,58809,58832,58939,59029
36,48511,37439,28217,26680,34713,52865,54222,54210,56780,56975,56982,57329,59351,59638,59579,65018,61639,61176,61183,62715,64632,64491,64877,70249,72099,72997,64099,61419,59159,58841,54601,72469,68939,69614,66171,64362,60875,60724,60453,61751,62245,64016,64562,65088,67564,69285,71629,73305,76998,82515,82469,84107,81605,82673,83715,81484,82380,82273,80819,80807,82654,84719,83896,85484,86374,84472,66014,64224,63427,63204,61316,60832,60235,59243,59732,62032,61199,62313,62222,63259,62480,62847,63581,64851,65492,65638,65422,66915,66319,65958,66698,67357,67614,68675,68446,68988,69037,68217,66493,65241,63354,62262,61214,59230,59024,59262,59594,59608,59436,59297,59231,59230,59246,59348
37,52001,48505,37552,28320,26671,34925,53073,54541,54736,57342,56887,57021,57368,59436,59587,59797,65394,61838,61343,61351,62947,64470,63990,64728,70045,71781,72511,63980,61365,59082,58767,54323,72035,68636,69308,66000,64264,60745,60705,60430,62098,62189,63903,64330,64978,67525,69274,71709,73370,77105,82648,83094,85021,83162,83373,83980,82157,82825,82249,80838,83043,83837,87060,85816,86307,87048,70113,66057,64765,63965,63756,61881,61397,60803,59809,60298,62598,61765,62880,62782,63814,63019,63372,64092,65351,65982,66117,65889,67373,66767,66397,67128,67778,68022,69068,68840,69378,69422,68600,66877,65626,63733,62644,61588,59602,59394,59629,59954,59965,59789,59644,59575,59568,59580
38,53031,51999,48572,37607,28286,26716,35033,53421,54798,55198,57213,57077,57046,57403,59536,59743,59961,65671,61871,61457,61634,62777,64295,63517,64539,69842,71449,71989,63843,61284,58954,58414,53966,71743,68396,69067,65832,64107,60663,60682,60710,62006,62077,63764,64165,64879,67428,69294,71765,73423,77173,82999,83998,86076,83401,83538,84426,82489,82728,82155,77385,84077,85705,88640,86258,86698,73377,70187,66500,65211,64412,64217,62345,61863,61270,60275,60764,63065,62233,63346,63240,64268,63457,63798,64507,65754,66374,66502,66263,67740,67123,66745,67468,68110,68342,69382,69154,69689,69728,68905,67183,65934,64036,62949,61886,59899,59689,59918,60240,60246,60066,59918,59844,59834
39,53591,52988,52161,48596,37619,28360,26845,35184,53702,55165,54159,57150,57252,57031,57370,59584,59736,60057,66007,62102,61670,61491,62572,64097,63018,64353,69609,71107,71469,63688,61169,58627,58070,53717,71439,68185,68929,65685,64030,60615,60988,60669,61818,61882,63587,64084,64776,67361,69282,71850,73531,77532,83907,85117,86285,83549,84128,84730,82468,82789,73752,78448,85762,87627,89087,86584,76291,73393,70544,66863,65582,64785,64594,62727,62245,61655,60659,61147,63449,62615,63726,63614,64636,63812,64142,64841,66077,66689,66808,66560,68029,67404,67019,67733,68368,68595,69630,69402,69935,69969,69146,67426,66179,64276,63190,62121,60135,59920,60147,60465,60465,60283,60131,60054
40,52641,53517,53184,52337,48562,37695,28480,26826,35408,54108,55060,54140,57095,57403,57030,57525,59571,59748,60071,66276,62175,61465,61341,62397,63900,62500,64164,69362,70745,70941,63520,60817,58286,57773,53485,71182,67992,68784,65593,63913,60858,60886,60510,61568,61719,63492,63976,64608,67350,69306,71878,73732,78145,84933,85348,86303,83996,84420,84510,82400,71972,74529,80070,87461,87851,89252,81337,76159,73667,70830,67160,65886,65084,64899,63035,62555,61966,60971,61459,63757,62923,64030,63912,64929,64094,64415,65103,66330,66933,67047,66790,68251,67618,67227,67934,68568,68791,69821,69594,70124,70155,69331,67613,66368,64461,63376,62302,60314,60098,60322,60634,60632,60446,60292
41,53572,52511,53608,53081,52284,48646,37719,28643,26896,35712,54039,55000,54013,57107,57505,57017,57457,59657,59677,60232,66560,61978,61276,61173,62175,63674,61970,63938,69100,70388,70361,63135,60497,58020,57547,53291,70959,67838,68663,65476,64303,60730,60704,60308,61354,61586,63339,63865,64548,67291,69318,72024,74207,78901,85112,85439,86505,84185,84270,84320,69532,72574,75660,81041,87718,88135,84236,81102,76371,73880,71059,67400,66127,65322,65140,63281,62801,62215,61221,61706,64001,63165,64270,64146,65159,64314,64625,65306,66523,67120,67227,66962,68417,67777,67379,68085,68719,68939,69963,69737,70265,70293,69469,67754,66509,64599,63516,62436,60449,60230,60450,60760,60754,60567
42,51569,53452,52591,53483,53060,52439,48641,37772,28779,26991,35566,54081,54870,53830,56955,57569,56936,57524,59668,59666,60289,66071,61764,61091,60985,61927,63435,61437,63718,68847,69980,69955,62767,60173,57749,57298,53161,70789,67744,68484,65856,64175,60512,60506,60121,61235,61489,63228,63711,64474,67226,69451,72435,74901,79073,85103,85553,86580,84056,84176,67404,70094,73733,76855,81387,87814,83761,83985,81245,76532,74045,71239,67585,66314,65506,65328,63473,62996,62412,61416,61899,64190,63353,64454,64326,65335,64482,64785,65457,66667,67257,67359,67087,68535,67889,67491,68196,68829,69046,70066,69841,70367,70392,69569,67854,66611,64699,63615,62532,60546,60324,60542,60847,60840
43,51450,51531,53458,52534,53393,53129,52480,48640,37985,28975,26904,35485,54156,54697,53730,56886,57685,56948,57471,59653,59623,60057,65576,61555,60851,60749,61645,63204,60931,63493,68572,69623,69517,62453,59917,57513,57126,52989,70647,67574,68753,65682,63979,60315,60322,60029,61069,61388,63115,63549,64451,67298,69932,72969,75041,78984,85226,85596,86285,83784,64662,67982,71190,74450,77215,81401,84921,83567,84088,81354,76661,74179,71383,67735,66466,65655,65481,63631,63155,62572,61575,62055,64341,63503,64602,64470,65475,64614,64910,65576,66777,67361,67458,67180,68622,67975,67577,68281,68914,69128,70144,69921,70445,70467,69643,67931,66688,64773,63691,62605,60618,60395,60610,60913
44,48155,51233,51497,53432,50372,53352,53097,52496,48596,38094,28950,26891,35351,54185,54450,53541,56844,57811,56741,57423,59604,59361,59767,65070,61287,60560,60510,61374,62929,60351,63210,68178,69274,69159,62148,59655,57354,56951,52805,70504,67807,68554,65489,63776,60095,60167,59863,60871,61226,63013,63405,64477,67599,70466,73032,75055,79038,85329,85391,86024,63717,65076,69089,72050,74590,77326,85098,84647,83627,84155,81431,76756,74276,71489,67847,66580,65767,65597,63752,63275,62693,61694,62172,64454,63616,64713,64576,65578,64710,65001,65660,66854,67432,67525,67241,68681,68034,67637,68339,68971,69183,70196,69974,70496,70515,69691,67981,66738,64822,63741,62651,60666,60440,60654
45,47635,48042,51115,51350,53314,50267,53310,53056,52732,48624,37900,28795,26835,35247,54239,54344,53283,56563,57756,56591,57368,59296,59089,59451,64566,61001,60231,60263,61052,62602,59698,62834,67752,68912,68833,61880,59405,57184,56801,52658,70812,67583,68310,65237,63608,59938,59938,59668,60692,61073,62903,63483,64738,67998,70482,72856,75128,79024,85119,85093,63045,64054,65859,69652,72078,74525,84440,84978,84665,83653,84191,81476,76816,74338,71560,67924,66659,65846,65678,63836,63360,62778,61778,62254,64532,63694,64788,64649,65647,64774,65059,65712,66899,67473,67561,67276,68715,68067,67670,68372,69004,69213,70223,70002,70522,70539,69715,68005,66765,64847,63766,62674,60690,60463
46,45990,47414,47840,50871,51096,53225,50256,53208,53177,52875,48445,37796,28556,26726,35088,54248,54136,53083,56443,57772,56422,57049,58967,58768,59124,63984,60674,59936,59968,60721,62251,59295,62411,67333,68615,68486,61626,59170,56964,56681,52684,70481,67253,68042,64968,63413,59782,59789,59528,60448,60892,62916,63794,65121,68036,70406,72938,75096,78749,84854,60958,63273,64990,66575,69613,72146,86075,84096,84958,84652,83651,84198,81488,76843,74367,71599,67970,66708,65893,65728,63889,63412,62830,61830,62304,64579,63741,64833,64690,65686,64808,65088,65736,66917,67486,67574,67289,68726,68078,67681,68382,69014,69222,70229,70008,70526,70541,69716,68009,66769,64850,63771,62676,60694
47,46117,45756,47256,47592,50653,51035,53049,50197,53190,53269,52582,48152,37512,28505,26567,34926,54249,53919,52839,56239,57819,56050,56713,58551,58396,58766,63343,60332,59611,59654,60369,61782,58842,61986,66955,68316,68184,61346,58981,56748,56697,52509,70204,66916,67763,64727,63208,59593,59580,59368,60261,60898,63096,64140,65182,67930,70507,72802,74902,78467,60451,61203,63842,65524,66698,69553,85898,85862,84043,84912,84614,83623,84175,81471,76841,74368,71609,67988,66729,65912,65748,63913,63436,62855,61855,62327,64598,63761,64851,64707,65699,64818,65093,65737,66912,67479,67568,67281,68717,68069,67674,68373,69005,69212,70215,69995,70512,70524,69699,67994,66755,64836,63757,62661
48,43613,45845,45464,47134,47427,50459,50717,52877,50147,53206,53032,52245,47992,37333,28345,26364,34733,54071,53594,52506,56009,57281,55637,56312,58146,57978,58398,62667,60002,59242,59343,59888,61303,58452,61581,66579,67988,67881,61097,58752,56662,56448,52273,69873,66590,67493,64446,63001,59371,59364,59147,60282,61038,63359,64128,65106,67967,70397,72450,74518,59269,60632,61748,64561,65498,66710,84996,85610,85774,83964,84839,84549,83566,84123,81426,76811,74342,71593,67979,66722,65905,65742,63911,63434,62854,61855,62325,64592,63756,64845,64699,65689,64804,65075,65715,66887,67454,67543,67256,68690,68042,67648,68347,68978,69183,70184,69965,70479,70490,69665,67961,66724,64805,63728
49,43705,43239,45473,45219,46861,47053,50307,50507,52846,50053,52830,52618,51937,47658,37140,28242,26267,34489,53999,53287,52182,55569,56690,55208,55886,57652,57549,57950,61976,59592,58827,58868,59355,60787,58065,61167,66257,67637,67533,60871,58689,56415,56199,52031,69493,66256,67119,64183,62781,59062,59124,59025,60326,61108,63331,64014,65072,67915,70023,72028,58986,59394,61055,61995,64588,65468,87054,84746,85486,85660,83860,84742,84458,83483,84044,81354,76755,74291,71551,67945,66690,65872,65711,63884,63408,62830,61831,62301,64564,63730,64816,64669,65657,64769,65037,65675,66845,67411,67500,67213,68646,67999,67605,68304,68935,69139,70136,69917,70430,70439,69615,67914,66678,64759
50,41538,43300,42882,45193,44930,46554,46764,50066,50401,52700,51744,52358,52105,51400,47355,36874,27997,26063,34233,53916,52790,51798,55115,56057,54720,55404,57152,57085,57495,61237,59125,58315,58288,58871,60313,57630,60800,65860,67256,67171,60834,58354,56110,55888,51772,69076,65884,66847,63862,62548,58810,58977,59048,60474,61126,63173,63902,65000,67627,69625,58711,59103,59680,61516,62269,64415,86069,86732,84597,85342,85525,83737,84622,84345,83377,83942,81260,76677,74218,71488,67890,66637,65819,65660,63837,63362,62786,61789,62257,64517,63684,64770,64621,65607,64717,64984,65621,66789,67354,67443,67156,68588,67942,67550,68247,68878,69080,70075,69857,70369,70376,69552,67853,66620
51,40032,41062,42973,42543,44799,44517,46437,46508,49854,50202,52243,51312,51872,51675,50955,46964,36569,27847,25885,33922,53649,52290,51320,54646,55347,54213,54881,56584,56581,56973,60489,58578,57726,57781,58365,59828,57207,60402,65497,66858,67194,60517,57989,55784,55587,51530,68628,65501,66478,63592,62289,58689,58929,59148,60387,60986,63050,63767,64739,67321,62064,58732,59363,60067,61388,62155,85344,85672,86545,84428,85177,85371,83591,84481,84209,83249,83819,81145,76579,74125,71404,67814,66565,65746,65589,63772,63298,62724,61728,62196,64452,63622,64705,64556,65540,64650,64917,65553,66718,67283,67373,67086,68517,67871,67480,68177,68807,69008,70000,69783,70293,70299,69477,67781
52,37363,39839,40671,42567,42089,44484,44118,46059,46247,49578,49628,51711,50865,51407,51212,50500,46747,36332,27521,25728,33617,52852,51771,50810,54063,54641,53614,54294,55985,56012,56406,59795,57993,57203,57218,57853,59379,56753,59919,65065,66855,66788,60124,57606,55440,55234,51219,68205,65037,66145,63242,62129,58628,58909,58993,60146,60765,62882,63469,64444,63004,62153,59119,59504,59860,61246,79044,84918,85461,86340,84241,84995,85197,83428,84321,84055,83102,83677,81012,76462,74014,71303,67722,66475,65658,65503,63691,63219,62647,61654,62121,64373,63545,64627,64478,65461,64572,64838,65473,66637,67201,67292,67005,68435,67790,67400,68097,68725,68926,69915,69699,70208,70213,69392
53,35025,36977,39836,40295,42182,41604,44033,43712,45803,46026,49105,49207,51226,50424,50810,50679,49893,46213,35949,27174,25527,33167,52014,51168,50256,53441,53934,53001,53721,55354,55422,55699,59050,57328,56629,56648,57324,58926,56323,59482,64943,66329,66282,59703,57197,55058,54841,50909,67712,64611,65704,62966,61962,58488,58784,58771,59955,60591,62557,63136,65539,62951,62484,59078,59474,59589,74689,78675,84683,85230,86115,84035,84792,85003,83243,84140,83879,82935,83514,80859,76325,73883,71182,67611,66369,65552,65400,63594,63124,62554,61564,62031,64279,63453,64535,64386,65370,64482,64748,65382,66543,67107,67199,66913,68341,67697,67309,68004,68633,68832,69818,69604,70111,70116
54,34114,34504,36498,39662,39796,41658,41054,43579,43300,45521,45321,48553,48661,50603,49867,50165,50021,49292,45708,35542,26932,25182,32701,51106,50559,49580,52756,53074,52389,53067,54744,54668,54928,58265,56637,56022,56075,56813,58432,55864,59219,64386,65779,65752,59259,56755,54623,54477,50522,67161,64126,65477,62755,61792,58292,58481,58484,59738,60218,62120,64161,65475,63136,62386,58893,59279,72112,74284,78427,84426,84977,85868,83806,84567,84785,83036,83936,83683,82747,83330,80684,76169,73733,71044,67483,66245,65431,65282,63481,63014,62447,61460,61926,64171,63348,64430,64283,65267,64380,64646,65279,66438,67002,67095,66809,68235,67593,67206,67900,68529,68727,69712,69498,70005
55,32889,33455,34072,36015,39530,39314,41244,40570,43079,42816,44926,44817,48043,48204,50038,49330,49469,49379,48555,45224,35053,26533,24792,32218,50175,49896,48914,52032,52163,51658,52336,53955,53872,54117,57490,55881,55404,55450,56303,57879,55611,58746,63769,65188,65184,58753,56285,54178,54031,50086,66614,63843,65212,62499,61437,58012,58230,58226,59460,59854,66541,64004,65767,63159,62005,58591,69427,71726,74023,78159,84147,84702,85597,83555,84319,84545,82807,83711,83464,82537,83123,80488,75992,73565,70887,67339,66106,65293,65147,63354,62889,62326,61342,61808,64049,63231,64313,64168,65151,64267,64532,65165,66322,66886,66979,66695,68119,67478,67093,67787,68414,68612,69594,69382
56,30728,32285,33135,33646,35512,39251,38665,40672,40141,42591,42123,44295,44189,47435,47568,49320,48716,48813,48709,47920,44559,34479,26113,24390,31677,49141,49169,48196,51273,51296,50944,51436,53012,52994,53274,56577,55098,54652,54791,55708,57526,55080,58237,63131,64547,64585,58183,55766,53711,53576,49686,66272,63572,64941,62153,61043,57718,57909,57891,59057,49527,66384,64366,65657,62751,61663,67039,69082,71444,73742,77869,83845,84404,85305,83280,84048,84282,82556,83464,83224,82305,82895,80272,75796,73378,70713,67177,65950,65140,64998,63212,62750,62191,61210,61677,63915,63101,64184,64041,65024,64142,64407,65039,66195,66758,66853,66569,67991,67353,66969,67662,68290,68487,69467
57,29697,30182,31758,32554,33052,34863,39066,38074,40335,39570,41894,41462,43558,43505,46802,46995,48513,48030,47930,47931,47193,43752,33858,25692,23900,31063,48091,48333,47423,50388,50312,50021,50466,52071,52098,52386,55745,54373,53941,54076,55218,56879,54464,57553,62419,63857,63928,57601,55206,53273,53105,49307,65904,63236,64536,61710,60655,57353,57391,57530,53040,49250,66572,64020,65109,62315,64024,66648,68780,71145,73442,77560,83521,84084,84989,82984,83755,83998,82284,83195,82962,82053,82647,80036,75582,73173,70522,67000,65779,64973,64834,63057,62598,62042,61066,61534,63769,62961,64043,63903,64886,64006,64272,64904,66057,66620,66716,66433,67854,67217,66835,67528,68155,68352
58,29697,29170,29628,31259,32027,32357,34219,38887,37630,39727,38830,41109,40809,42881,42891,45971,46308,47668,47236,47085,47202,46320,42904,33229,25199,23407,30473,46972,47536,46592,49587,49263,49083,49441,51042,51121,51508,54854,53575,53250,53554,54491,56142,53833,56869,61734,63218,63275,56981,54603,52747,52716,48984,65447,62784,64071,61237,60204,56920,56959,52603,52781,49230,66150,63490,64594,62603,63633,66327,68461,70825,73122,77228,83175,83741,84650,82665,83440,83692,81990,82905,82679,81780,82378,79781,75349,72952,70314,66808,65594,64791,64657,62888,62433,61881,60911,61380,63612,62810,63892,63754,64737,63860,64126,64757,65909,66472,66568,66288,67706,67071,66692,67384,68011
59,27999,29066,28629,29146,30737,31443,31658,33587,38851,36871,38756,38082,40378,40128,42075,42105,45338,45546,46797,46409,46202,46211,45346,42033,32536,24674,22915,29831,45796,46695,45605,48501,48151,48086,48479,50062,50223,50667,54016,52778,52670,52822,53767,55392,53124,56163,60972,62459,62573,56310,54025,52263,52307,48552,64982,62262,63558,60778,59678,56413,53900,52254,52747,48884,65495,62864,61337,62125,63290,65985,68119,70483,72778,76873,82801,83371,84285,82321,83100,83360,81672,82590,82372,81483,82086,79504,75097,72711,70089,66599,65392,64594,64463,62704,62253,61707,60743,61214,63442,62646,63728,63593,64576,63703,63969,64600,65749,66311,66410,66131,67547,66915,66538,67230
60,28552,27396,28462,27988,28391,30027,30675,30954,32946,38713,36079,37991,37340,39464,39202,41261,41347,44445,44457,45938,45514,45116,45172,44334,41037,31770,24165,22398,29155,44582,45634,44493,47292,46948,46930,47377,49030,49218,49744,53016,52109,51832,51968,52979,54628,52404,55420,60226,61650,61909,55627,53506,51827,51852,48090,64419,61742,63036,60230,59109,55402,53508,52175,52324,48377,64870,58882,60878,61754,62926,65619,67752,70115,72408,76489,82398,82972,83890,81949,82731,83000,81327,82249,82038,81161,81769,79203,74822,72449,69843,66371,65172,64379,64253,62504,62058,61518,60561,61034,63259,62468,63551,63419,64402,63532,63799,64429,65576,66139,66239,65962,67376,66747,66373
61,25323,27912,26733,27776,27308,27695,29347,29991,30371,32229,38043,35258,37165,36524,38699,38348,40372,40357,43333,43607,44984,44245,43968,44006,43203,39978,30970,23608,21847,28405,43524,44431,43322,46050,45696,45851,46393,47980,48262,48735,52075,51147,50935,51089,52127,53798,51638,54566,59393,60905,61141,55066,52985,51340,51400,47600,63846,61177,62457,59678,60897,54978,53251,51694,51789,47854,57819,58318,60473,61361,62535,65226,67358,69720,72010,76076,81962,82541,83465,81546,82332,82610,80953,81879,81678,80812,81426,78877,74523,72165,69577,66124,64933,64146,64025,62288,61848,61315,60365,60840,63061,62277,63360,63231,64214,63348,63616,64246,65391,65954,66056,65781,67193,66568
62,26537,24599,27169,25976,27234,26553,26943,28503,29341,29587,31267,36902,34503,36250,35552,37668,37420,39468,39318,42352,42745,43634,42870,42841,42781,42067,38898,30201,23006,21210,27872,42300,43190,42160,44875,44586,44788,45333,46963,47269,47874,51032,50198,50031,50177,51270,52920,50832,53753,58512,60034,60487,54457,52457,50777,50779,47070,63244,60589,61914,59778,60424,54672,52752,51049,51119,56124,57326,57892,60045,60942,62120,64808,66939,69298,71583,75633,81497,82080,83009,81114,81905,82192,80552,81482,81290,80438,81057,78527,74203,71860,69291,65858,64677,63896,63782,62057,61624,61098,60155,60633,62849,62072,63155,63030,64012,63151,63420,64050,65194,65757,65861,65589,66999
63,24779,25777,23946,26403,25329,26401,25776,26090,27801,28564,28772,30317,35713,33568,35192,34694,36665,36490,38325,38310,41402,41334,42188,41528,41603,41444,40814,37720,29359,22390,20796,27020,41045,42024,41077,43665,43484,43723,44276,45933,46443,46897,49967,49249,49028,49266,50394,52076,50053,52916,57666,59290,59735,53828,51868,50183,50195,46571,62599,60046,57590,59213,59997,54090,52132,50419,55348,55572,56864,57445,59593,60499,61681,64366,66493,68848,71129,75162,81001,81589,82524,80654,81449,81746,80125,81059,80877,80039,80664,78155,73862,71535,68986,65575,64404,63631,63523,61811,61385,60866,59932,60412,62624,61855,62937,62816,63799,62943,63213,63843,64985,65549,65655,65387
64,24383,24133,25014,23313,25637,24509,25594,25022,25369,26902,27736,27695,29192,34452,32620,34218,33832,35745,35266,37261,37372,39944,39784,40680,40057,40321,40183,39562,36569,28458,21682,20151,26157,39823,40749,39988,42481,42353,42619,43217,45003,45444,45888,48916,48281,48124,48282,49426,51126,49262,52058,56980,58498,59032,53122,51230,49524,49605,45953,61961,52111,57066,58809,59375,53343,51546,54314,54809,55080,56383,56975,59119,60034,61220,63898,66022,68372,70649,74664,80476,81070,82010,80167,80966,81274,79672,80611,80440,79617,80249,77760,73500,71191,68662,65274,64116,63351,63250,61552,61134,60622,59697,60179,62386,61625,62708,62591,63574,62724,62996,63626,64766,65331,65440
65,22311,23573,23282,24176,22642,24823,23565,24776,24311,24517,26111,26659,26696,28062,33210,31678,33201,32698,34542,34242,36199,35933,38377,38260,39114,38511,38930,38912,38305,35315,27346,20934,19437,25364,38568,39516,38876,41353,41226,41492,42155,43839,44306,44837,47877,47206,47129,47251,48469,50208,48381,51297,56185,57662,58160,52425,50596,48833,49012,45333,48075,51508,56626,58056,58439,52580,56859,53787,54276,54567,55877,56480,58619,59544,60732,63404,65524,67869,70141,74137,79920,80521,81466,79650,80456,80774,79193,80137,79978,79170,79809,77343,73117,70827,68320,64958,63811,63056,62962,61279,60868,60365,59449,59934,62136,61384,62467,62354,63338,62493,62767,63398,64537,65103
66,20892,21355,22770,22591,23375,21830,23824,22792,24004,23519,23630,24971,25612,25746,26774,31857,30665,31962,31416,33337,33114,34602,34402,36754,36628,37506,36956,37486,37479,36927,34035,26380,20173,18747,24482,37409,38397,37777,40212,40088,40393,41078,42632,43139,43743,46813,46134,46150,46177,47495,49274,47509,50527,55327,56807,57317,51659,49951,48209,48389,49099,47489,50996,55763,57044,57550,57134,56257,53215,53721,54027,55345,55960,58094,59026,60216,62881,64996,67336,69603,73578,79332,79939,80891,79104,79915,80245,78686,79636,79489,78697,79343,76901,72712,70442,67960,64623,63490,62744,62659,60992,60589,60094,59188,59676,61873,61130,62213,62106,63090,62252,62528,63160,64297
67,20865,20081,20606,21882,21802,22504,20860,22935,22008,23098,22457,22589,23932,24503,24648,25602,30556,29473,30700,30282,32208,31656,32983,32858,35020,34924,35866,35346,35959,36052,35551,32797,25371,19397,18068,23614,36186,37199,36666,38971,38987,39155,39925,41480,41949,42632,45732,45017,45096,45176,46504,48341,46667,49731,54404,55919,56460,50849,49173,47511,46507,48326,46844,50129,54728,56109,58850,56417,55598,52618,53135,53458,54783,55412,57537,58477,59669,62325,64436,66770,69030,72985,78707,79321,80279,78523,79340,79682,78146,79102,78968,78194,78848,76432,72280,70033,67576,64268,63149,62413,62336,60685,60291,59806,58910,59401,61594,60859,61944,61842,62826,61996,62274,62907
68,19122,20050,19171,19775,21008,20774,21477,20014,21894,21015,22207,21531,21479,22677,23158,23413,24260,29269,28291,29439,29132,30627,30040,31306,31206,33167,33146,34179,33723,34456,34669,34119,31503,24413,18665,17401,22748,34938,35993,35465,37784,37709,37946,38756,40301,40749,41517,44534,43911,44021,44128,45592,47414,45779,48904,53533,55000,55580,49976,48412,43951,45808,47574,46083,49225,53733,56793,58019,55689,54909,51988,52517,52858,54190,54829,56946,57893,59087,61734,63839,66166,68420,72353,78040,78662,79627,77902,78727,79082,77571,78533,78413,77657,78319,75930,71820,69597,67167,63888,62785,62060,61992,60358,59973,59497,58613,59108,61295,60571,61657,61560,62546,61723,62005
69,17728,18228,19130,18448,18854,20079,19751,20465,19182,20985,20055,21074,20438,20397,21609,22117,22168,23016,27702,27196,28242,27571,28881,28475,29621,29539,31377,31417,32462,31982,32908,33191,32554,30224,23466,17914,16726,21898,33711,34725,34331,36543,36489,36692,37545,39038,39558,40289,43281,42715,42951,43162,44581,46409,44903,47947,52626,54033,54554,49107,42720,43149,44829,46607,44860,48251,58052,55920,57193,54927,54180,51321,51863,52222,53558,54208,56315,57269,58465,61102,63200,65520,67767,71675,77326,77956,78929,77238,78070,78438,76953,77922,77816,77080,77751,75392,71326,69128,66726,63480,62393,61680,61621,60006,59631,59165,58293,58792,60974,60261,61347,61257,62244,61430
70,17488,16754,17347,18159,17485,17988,19103,18922,19459,18248,19924,18969,19983,19323,19271,20449,20799,20928,21498,26211,26043,26587,25885,27159,26765,27801,27762,29518,29725,30700,30301,31445,31672,31084,28897,22494,17205,16101,21043,32455,33455,33077,35269,35174,35358,36318,37753,38237,39087,42038,41603,41916,42081,43565,45333,43909,46967,51618,52999,53501,41396,41901,42261,43820,45438,43883,42388,57025,55041,56328,54120,53408,50614,51171,51545,52884,53544,55640,56602,57799,60423,62515,64827,67065,70948,76559,77198,78178,76523,77363,77745,76288,77263,77173,76458,77139,74813,70793,68623,66252,63039,61969,61269,61220,59624,59260,58806,57947,58450,60626,59925,61012,60929,61917
71,15100,16458,15823,16388,17169,16457,16885,18118,18046,18474,17330,18768,17932,18889,18130,18247,19178,19522,19426,20163,24820,24400,24864,24269,25423,25020,26023,26025,27746,27890,28967,28694,29914,30128,29600,27536,21568,16488,15415,20150,31138,32141,31824,34025,33857,34043,35039,36395,37001,37856,40779,40487,40807,41073,42510,44298,42862,46000,50502,51964,40541,40454,40941,41242,42672,44358,44797,41734,56027,54120,55410,53263,52589,49864,50431,50821,52162,52832,54917,55885,57083,59694,61778,64080,66310,70164,75732,76381,77369,75752,76599,76996,75569,76552,76479,75787,76477,74186,70216,68075,65736,62561,61508,60822,60784,59210,58857,58415,57570,58078,60248,59560,60648,60573
72,14515,14142,15412,14930,15492,16224,15474,15973,17148,17093,17547,16190,17553,16879,17725,16967,16981,17757,18061,18195,18948,23085,22680,23219,22603,23570,23339,24229,24292,25883,26143,27410,27089,28301,28589,28242,26323,20597,15751,14744,19156,29757,30840,30551,32663,32549,32705,33667,35053,35770,36652,39460,39224,39657,39956,41371,43195,41779,45023,49424,36536,39501,39265,39835,40031,41491,43612,43869,40928,54978,53140,54435,52353,51719,49062,49639,50044,51387,52067,54139,55114,56312,58908,60982,63274,65493,69317,74839,75498,76495,74917,75773,76185,74790,75780,75726,75058,75759,73505,69589,67480,65175,62039,61006,60336,60308,58758,58417,57989,57159,57673,59835,59161,60250
73,13524,13385,13137,14395,14032,14415,15123,14495,15008,16048,16021,16200,15243,16398,15691,16629,15764,15900,16493,16824,17029,17633,21324,21043,21493,20850,21805,21702,22495,22494,24074,24610,25693,25582,26726,27032,26813,25078,19553,14964,14020,18310,28391,29474,29190,31239,31262,31368,32293,33739,34462,35354,38125,38068,38437,38731,40212,42047,40613,43984,34447,35468,38180,38090,38536,38786,44021,42650,42923,40082,53867,52100,53400,51388,50790,48204,48792,49212,50556,51246,53303,54283,55482,58061,60125,62404,64612,68404,73874,74544,75549,74013,74878,75306,73946,74944,74909,74267,74979,72765,68906,66831,64564,61470,60459,59805,59790,58264,57937,57523,56710,57229,59384,58724
74,12084,12440,12293,12180,13537,12916,13411,14140,13550,14004,14986,14822,14982,14188,15240,14496,15318,14618,14572,15182,15566,15776,16242,19582,19368,19718,19080,20018,19982,20654,20731,22501,23046,24075,24003,25055,25543,25397,23765,18517,14114,13270,17441,27036,28109,27830,29832,29846,29927,30974,32407,33105,33995,36785,36660,37199,37519,39001,40803,39440,32448,33311,34260,36823,36611,37263,44275,42980,41630,41933,39186,52689,50998,52304,50359,49798,47287,47885,48320,49663,50363,52404,53391,54589,57149,59200,61466,63661,67417,72833,73513,74526,73036,73909,74354,73031,74038,74024,73409,74133,71961,68163,66125,63897,60850,59862,59226,59224,57725,57413,57014,56219,56743,58890
75,11480,11089,11265,11372,11300,12291,11764,12499,13106,12580,12880,13801,13593,13813,13111,14039,13326,14091,13288,13427,13999,14254,14476,14907,17822,17626,17983,17416,18278,18243,18959,19245,20849,21484,22387,22427,23547,24004,23950,22406,17454,13326,12556,16465,25661,26733,26432,28393,28429,28608,29583,31189,31721,32689,35388,35328,35922,36271,37663,39452,29538,31249,31915,32918,35350,35296,47750,43113,41836,40564,40886,38237,51444,49833,51136,49261,48738,46306,46914,47364,48706,49415,51438,52429,53627,56164,58202,60452,62634,66351,71705,72397,73418,71975,72858,73321,72038,73054,73060,72475,73210,71083,67352,65353,63169,60171,59208,58592,58604,57135,56838,56455,55679,56209
76,9725,10331,9920,10348,10372,10241,11166,10777,11478,12018,11588,11811,12559,12438,12606,12000,12789,12108,12781,12246,12224,12769,12933,13185,13524,16052,15939,16279,15811,16516,16583,17478,17715,19297,19879,20881,20947,22084,22522,22432,21101,16436,12514,11864,15558,24241,25390,25006,26897,26999,27263,28268,29884,30426,31307,33929,33963,34574,34910,36384,27085,28281,29942,30586,31432,33888,45804,46342,41832,40638,39433,39775,37229,50123,48587,49887,48084,47601,45252,45869,46334,47672,48390,50392,51387,52582,55095,57117,59350,61516,65188,70474,71178,72207,70815,71708,72189,70950,71972,72002,71447,72193,70116,66455,64500,62362,59420,58484,57889,57916,56478,56198,55833,55078
77,7096,8646,9235,9016,9263,9311,9221,10247,9853,10360,10940,10429,10592,11375,11208,11513,11023,11572,10981,11693,10975,11063,11533,11672,11917,12188,14335,14260,14581,14160,14895,15209,15940,16237,17776,18384,19348,19450,20672,21041,20954,19757,15411,11755,11153,14603,22835,23876,23640,25398,25600,25891,26919,28639,29005,29904,32555,32499,33093,33504,25505,25867,26957,28537,29059,29967,42952,44291,44799,40485,39363,38229,38591,36155,48704,47247,48540,46814,46372,44109,44735,45214,46546,47272,49250,50248,51439,53923,55928,58139,60285,63908,69118,69833,70870,69533,70435,70935,69741,70771,70824,70301,71058,69034,65452,63545,61458,58576,57669,57098,57141,55738,55476,55129
78,6364,6229,7579,8293,8137,8203,8209,8361,9162,8812,9404,9793,9431,9524,10189,10016,10279,9890,10365,9767,10536,9854,9940,10323,10468,10693,10916,12762,12718,12921,12557,13443,13702,14442,14794,16294,16941,17898,18064,19197,19566,19505,18431,14359,10976,10376,13700,21400,22394,22231,23736,24258,24519,25539,27315,27629,28516,31047,31067,31587,23707,24131,24387,25494,27018,27620,37419,41440,42627,43171,39046,37999,36939,37323,34995,47171,45794,47079,45434,45033,42863,43496,43988,45311,46044,47994,48992,50178,52629,54611,56796,58917,62485,67608,68335,69379,68100,69011,69528,68385,69421,69497,69009,69775,67811,64316,62462,60432,57616,56742,56196,56255,54891,54648
79,5702,5469,5444,6703,7319,6972,7227,7411,7507,8169,7860,8231,8602,8292,8410,9063,8932,9208,8907,9291,8848,9458,8691,8829,9112,9271,9429,9722,11221,11093,11404,11244,11988,12359,13043,13378,14873,15564,16450,16626,17760,18063,18072,17067,13340,10171,9616,12743,19904,20901,20754,22043,22856,23213,24283,25929,26184,26957,29492,29471,20579,22230,22687,22984,24063,25535,32925,35993,39677,40872,41431,37507,36538,35558,35955,33740,45510,44218,45489,43929,43571,41499,42138,42642,43953,44689,46607,47605,48782,51193,53147,55301,57395,60898,65922,66661,67710,66494,67410,67947,66856,67896,67996,67545,68322,66422,63025,61229,59261,56520,55683,55164,55240,53917
80,3685,3566,3560,4134,4188,4394,4330,4806,5026,5375,5962,5599,6060,6143,6482,6982,6763,6976,6875,6917,8038,8146,8239,8213,8103,7961,7921,7899,8180,8457,9307,10147,9987,10679,11058,11669,12173,13442,14184,15003,15234,16286,16503,16648,15756,12257,9366,8863,11766,18426,19059,19321,20397,21332,21724,22862,24444,24559,25447,27775,19349,19354,20681,21188,21448,22559,32148,31411,34262,37826,39004,39578,35866,34981,34072,34480,32385,43714,42508,43762,42291,41976,40009,40651,41166,42459,43198,45078,46072,47238,49601,51522,53640,55699,59128,64041,64789,65841,64690,65614,66166,65132,66173,66299,65886,66672,64846,61555,59824,57925,55269,54469,53980,54074
81,3258,3160,3174,3614,3710,3889,3869,4263,4466,4749,5233,4974,5346,5456,5712,6119,5998,6163,6107,6152,7001,7094,7174,7126,7027,6925,6943,6945,7133,7445,8049,8215,8895,8812,9426,9822,10486,10918,12162,12737,13511,13813,14824,15005,15244,14385,11245,8584,8100,10876,16988,17418,17673,18628,19832,20241,21366,22863,22932,23739,16802,17900,17904,19364,19669,19949,28731,30431,29702,32452,35864,37022,37609,34123,33311,32476,32892,30922,41772,40655,41887,40509,40238,38380,39023,39544,40817,41555,43391,44377,45526,47833,49715,51788,53807,57151,61934,62690,63740,62662,63586,64153,63179,64219,64371,63999,64794,63046,59875,58216,56394,53830,53072,52615
82,2843,2784,2799,3122,3246,3403,3423,3730,3924,4135,4523,4375,4656,4781,4982,5291,5245,5376,5364,5415,6005,6084,6153,6101,6027,5965,6011,6019,6138,6472,6790,6979,7033,7757,7710,8258,8772,9337,9759,10910,11404,12111,12457,13382,13572,13854,13015,10230,7789,7415,9958,14974,15823,16268,16773,18002,18835,19735,21320,21208,9943,15386,16404,16521,17730,18244,25748,27028,28554,27921,30539,33789,34923,35524,32260,31523,30761,31183,29342,39670,38645,39847,38567,38338,36596,37236,37761,39006,39741,41524,42495,43623,45864,47698,49718,51688,54932,59565,60324,61371,60365,61287,61866,60956,61991,62168,61842,62640,60980,57943,56364,54625,52164,51452
83,2443,2423,2448,2660,2803,2937,2989,3223,3408,3561,3852,3796,4004,4130,4273,4531,4533,4621,4657,4705,5078,5145,5203,5149,5097,5067,5133,5146,5209,5553,5536,5874,5988,6125,6775,6718,7256,7716,8269,8671,9605,10171,10804,11113,11997,12228,12478,11672,9195,7018,6721,9054,12936,14502,14748,15272,16127,16754,17766,19270,6697,9049,14012,15050,15043,16292,23508,23984,25134,26605,26045,28522,31598,32706,33300,30269,29607,28920,29343,27636,37397,36464,37630,36450,36263,34642,35274,35801,37011,37736,39455,40406,41506,43669,45445,47402,49312,52439,56897,57658,58691,57764,58677,59263,58424,59447,59651,59370,60169,58606,55718,54225,52579,50234
84,2079,2074,2110,2228,2380,2494,2578,2748,2919,3019,3237,3246,3378,3525,3607,3790,3876,3919,3982,4040,4228,4284,4332,4279,4243,4238,4319,4335,4353,4696,4279,4693,4989,5083,5267,5809,5870,6272,6765,7213,7525,8453,8968,9509,9869,10664,10874,11011,10439,8200,6291,6023,8055,11639,13058,13241,13900,14411,15107,16045,6304,6048,8052,12702,13494,13610,20999,21739,22080,23188,24574,24089,26416,29308,30366,30950,28159,27571,26958,27377,25810,34956,34117,35238,34161,34013,32520,33140,33662,34829,35537,37181,38106,39171,41242,42951,44832,46670,49660,53920,54671,55684,54837,55736,56327,55560,56569,56795,56560,57355,55897,53171,51774,50228
85,1738,1758,1793,1828,1979,2082,2195,2305,2466,2521,2674,2737,2802,2949,3005,3100,3243,3287,3351,3419,3274,3360,3392,3506,3542,3529,3475,3523,3572,3404,3567,3563,3959,4274,4268,4420,5006,5025,5390,5842,6208,6549,7312,7815,8305,8662,9399,9613,9646,9188,7235,5554,5271,7191,10448,11711,11821,12558,13095,13667,7138,5585,5307,7210,11353,12130,18789,19198,19792,20151,21188,22485,22072,24244,26926,27928,28493,25949,25433,24892,25303,23878,32370,31622,32690,31717,31607,30245,30847,31360,32472,33157,34718,35609,36631,38598,40226,42019,43770,46609,50638,51376,52359,51595,52472,53061,52373,53356,53602,53414,54200,52851,50303,49007
86,1420,1467,1509,1471,1620,1705,1838,1905,2051,2076,2172,2266,2294,2426,2447,2498,2660,2694,2785,2850,2632,2702,2727,2811,2847,2851,2827,2871,2883,2785,2942,2906,2856,3259,3601,3583,3718,4246,4291,4591,4964,5321,5619,6289,6803,7179,7575,8161,8354,8366,8048,6400,4787,4611,6320,9304,10411,10402,11365,11806,8025,6299,4809,4673,6344,10112,15353,16974,17264,17842,18191,19154,20358,20019,22011,24472,25410,25951,23657,23210,22740,23137,21857,29657,29000,30005,29137,29062,27834,28412,28907,29956,30614,32080,32929,33901,35749,37286,38975,40631,43293,47068,47782,48727,48048,48895,49479,48868,49817,50081,49940,50704,49472,47115
87,1150,1203,1247,1159,1301,1363,1517,1548,1670,1677,1718,1850,1842,1970,1950,1954,2148,2156,2276,2345,2075,2130,2150,2209,2243,2260,2256,2296,2282,2238,2323,2393,2300,2354,2694,2978,2992,3117,3577,3604,3895,4176,4491,4718,5302,5788,6150,6463,6999,7223,7199,6890,5416,4159,3925,5463,8161,9150,9167,10237,7154,6935,5458,4194,3978,5490,12857,13678,15053,15351,15886,16221,17108,18216,17932,19738,21968,22834,23345,21302,20921,20518,20897,19759,26837,26267,27201,26438,26394,25301,25846,26318,27297,27919,29279,30079,30991,32708,34138,35713,37255,39723,43214,43897,44795,44200,45013,45580,45047,45955,46231,46128,46863,45751
88,919,977,1011,896,1024,1065,1227,1231,1331,1328,1325,1480,1452,1568,1527,1491,1677,1693,1825,1894,1601,1643,1659,1699,1729,1753,1764,1798,1769,1762,1699,1813,1903,1818,1860,2204,2516,2481,2552,2908,2906,3206,3494,3756,3919,4445,4844,5182,5491,5854,6147,6073,5752,4614,3572,3388,4663,7007,7940,7950,6004,6195,5827,4683,3582,3436,10647,11241,11941,13181,13459,13949,14268,15077,16071,15838,17452,19445,20232,20705,18912,18592,18253,18607,17611,23941,23454,24311,23650,23632,22671,23178,23621,24521,25100,26344,27087,27930,29499,30815,32258,33674,35926,39110,39754,40593,40085,40849,41392,40938,41794,42070,42003,42698
89,721,784,810,679,795,819,970,960,1040,1034,1004,1159,1119,1220,1161,1115,1275,1296,1442,1500,1207,1239,1250,1277,1302,1329,1349,1378,1339,1358,1075,1334,1420,1568,1439,1448,1813,2108,2011,2041,2358,2379,2617,2914,3114,3219,3695,3999,4259,4647,4896,5046,4925,4801,3846,2995,2831,3895,6035,6745,4759,5052,5084,4897,3902,3018,8543,9157,9647,10281,11365,11622,12066,12368,13083,13961,13773,15192,16945,17649,18080,16529,16267,15985,16310,15451,21023,20616,21388,20825,20824,19994,20458,20866,21679,22210,23330,24007,24772,26186,27371,28673,29949,31973,34829,35425,36201,35772,36477,36991,36612,37399,37670,37633
90,555,620,638,497,604,619,753,735,798,786,744,893,835,921,866,803,958,965,1108,1169,1086,1032,968,956,937,904,897,915,988,962,1916,1882,1742,1816,1933,1880,1930,2105,2439,2506,1738,1879,1851,2081,2381,2501,2615,2927,3236,3504,3837,4013,4037,4030,3868,3213,2466,2327,3178,5112,3679,4009,4067,4177,3969,3257,6710,7154,7720,8162,8710,9644,9880,10280,10549,11171,11932,11784,13012,14527,15146,15530,14212,13999,13770,14061,13332,18158,17823,18507,18033,18046,17340,17757,18126,18848,19326,20316,20920,21604,22852,23902,25053,26184,27971,30489,31034,31734,31378,32022,32496,32181,32894,33151
91,421,487,494,352,445,460,571,549,599,581,533,670,608,675,629,563,689,703,829,891,777,739,693,681,668,650,653,668,710,705,510,472,487,517,572,565,600,690,829,914,1270,1344,1465,1447,1678,1928,1966,2058,2325,2545,2830,3024,3162,3271,3275,3123,2618,1975,1856,2565,2738,2933,3152,3270,3401,3209,5250,5541,5921,6414,6790,7259,8053,8269,8612,8847,9379,10029,9914,10958,12247,12781,13118,12015,11846,11661,11919,11312,15421,15150,15742,15349,15374,14784,15151,15479,16109,16531,17389,17922,18518,19601,20513,21513,22498,24048,26233,26718,27338,27053,27627,28052,27797,28428
92,311,378,380,244,316,335,424,399,433,422,369,493,438,485,443,379,483,495,611,660,540,514,482,471,463,455,462,473,496,503,322,310,325,325,363,370,403,444,555,614,835,997,1058,1131,1099,1293,1527,1513,1605,1796,1972,2193,2312,2511,2558,2628,2481,2051,1543,1470,2017,2123,2252,2514,2601,2729,4199,4174,4497,4825,5234,5551,5946,6613,6798,7088,7289,7736,8281,8194,9066,10142,10595,10885,9979,9846,9701,9925,9428,12865,12648,13152,12835,12865,12381,12699,12985,13525,13888,14622,15078,15590,16510,17288,18143,18985,20308,22167,22591,23134,22909,23408,23783,23579
93,224,286,285,164,217,232,308,284,303,301,251,357,307,341,301,242,328,336,437,474,364,346,325,316,311,309,317,325,336,349,209,206,217,224,255,263,278,318,378,427,607,639,779,810,847,820,969,1110,1137,1183,1349,1509,1646,1802,1934,1959,2045,1909,1569,1169,1330,1560,1577,1743,1949,1982,2834,3283,3315,3587,3855,4190,4453,4783,5325,5480,5720,5889,6256,6703,6640,7354,8235,8610,8854,8123,8022,7912,8101,7702,10518,10348,10770,10518,10551,10163,10432,10675,11126,11435,12046,12429,12858,13624,14274,14988,15696,16800,18350,18715,19178,19002,19427,19748
94,158,210,210,108,146,155,217,196,209,207,166,252,210,231,199,148,211,219,301,333,237,226,211,205,202,202,210,217,220,234,125,110,123,134,145,180,195,217,232,303,450,435,447,572,620,626,605,712,823,851,846,957,1092,1237,1360,1468,1515,1506,1433,1154,854,1014,1129,1186,1315,1475,2192,2190,2545,2582,2798,3012,3281,3497,3760,4191,4317,4511,4649,4943,5302,5257,5828,6531,6836,7034,6458,6384,6301,6458,6143,8395,8266,8609,8414,8447,8142,8364,8564,8934,9186,9681,9994,10343,10965,11494,12078,12655,13553,14815,15120,15501,15367,15717
95,108,152,150,67,96,102,150,131,142,137,105,173,142,152,130,89,131,134,204,226,149,142,133,128,126,128,135,139,139,152,71,65,74,74,81,102,109,122,152,172,292,329,313,326,417,469,437,428,480,569,587,597,679,810,882,987,1084,1110,1106,1026,598,615,704,836,839,955,1493,1635,1651,1929,1960,2128,2296,2508,2676,2880,3213,3313,3465,3574,3804,4084,4052,4496,5043,5281,5439,4998,4944,4884,5007,4766,6518,6422,6693,6546,6576,6344,6520,6681,6971,7171,7560,7807,8083,8573,8993,9454,9910,10621,11617,11861,12165,12063
96,70,108,106,39,60,65,102,83,93,87,63,115,90,98,82,51,80,77,135,152,90,85,80,76,76,78,83,86,84,95,38,34,45,47,49,55,62,71,78,100,154,205,241,231,219,305,354,324,286,355,385,454,423,505,552,650,717,747,772,758,384,472,446,524,570,610,661,1092,1199,1217,1424,1449,1577,1707,1867,1994,2148,2399,2475,2591,2675,2850,3062,3040,3376,3789,3971,4093,3764,3726,3682,3777,3598,4923,4854,5062,4954,4980,4806,4943,5066,5288,5441,5738,5927,6139,6515,6836,7189,7542,8087,8848,9036,9270
97,44,71,72,22,34,40,65,50,57,52,36,73,54,60,50,28,48,44,86,102,52,49,46,44,43,45,49,51,49,57,21,20,28,28,29,34,36,39,43,53,121,110,139,166,157,150,209,261,220,189,242,251,302,272,358,401,446,507,517,527,243,269,298,289,362,399,338,454,779,861,875,1026,1047,1144,1239,1356,1450,1563,1747,1805,1891,1954,2083,2240,2226,2473,2778,2913,3005,2765,2738,2707,2779,2649,3626,3578,3733,3656,3676,3550,3652,3744,3909,4022,4243,4384,4543,4822,5062,5327,5590,5995,6561,6701
98,26,43,46,11,19,22,37,28,33,28,18,43,31,34,28,14,26,24,54,66,28,27,25,24,24,25,27,29,27,32,11,8,14,15,15,19,20,23,26,32,67,91,75,98,113,116,99,131,205,147,131,168,169,199,172,232,263,302,338,339,129,170,163,198,179,232,249,238,315,544,602,614,721,739,808,876,960,1027,1108,1240,1282,1344,1390,1483,1596,1587,1764,1983,2082,2149,1978,1960,1939,1991,1898,2601,2567,2681,2626,2642,2552,2625,2692,2810,2892,3051,3154,3269,3471,3646,3838,4028,4321,4728
99,14,24,27,5,9,11,20,14,17,14,8,24,16,18,15,7,14,13,33,41,15,14,13,12,12,13,15,15,14,18,4,3,6,6,6,10,9,10,14,16,37,41,60,50,67,83,76,55,88,175,91,95,105,119,126,116,158,166,195,207,91,94,99,112,122,112,192,158,160,213,369,409,418,493,506,554,601,659,706,763,854,884,928,960,1025,1104,1098,1222,1375,1444,1491,1373,1361,1347,1384,1321,1811,1788,1868,1831,1842,1779,1831,1877,1960,2017,2129,2201,2282,2424,2547,2682,2815,3019
