PLACES,A_1952,A_1953,A_1954,A_1955,A_1956,A_1957,A_1958,A_1959,A_1960,A_1961,A_1962,A_1963,A_1964,A_1965,A_1966,A_1967,A_1968,A_1969,A_1970,A_1971,A_1972,A_1973,A_1974,A_1975,A_1976,A_1977,A_1978,A_1979,A_1980,A_1981,A_1982,A_1983,A_1984,A_1985,A_1986,A_1987,A_1988,A_1989,A_1990,A_1991,A_1992,A_1993,A_1994,A_1995,A_1996,A_1997,A_1998,A_1999,A_2000,A_2001,A_2002,A_2003,A_2004,A_2005,A_2006,A_2007,A_2008,A_2009,A_2010,A_2011,A_2012,A_2013,A_2014,A_2015,A_2016,A_2017,A_2018,A_2019,A_2020,A_2021,A_2022,A_2023,A_2024,A_2025,A_2026,A_2027,A_2028,A_2029,A_2030,A_2031,A_2032,A_2033,A_2034,A_2035,A_2036,A_2037,A_2038,A_2039,A_2040,A_2041,A_2042,A_2043,A_2044,A_2045,A_2046,A_2047,A_2048,A_2049,A_2050,A_2051,A_2052,A_2053,A_2054,A_2055,A_2056,A_2057,A_2058,A_2059,A_2060,A_2061,A_2062,A_2063,A_2064,A_2065
ABRUZZO, 29, 29, 29, 30, 30, 30, 31, 31, 31, 31, 32, 32, 32, 32, 32, 32, 33, 33, 33, 33, 33, 34, 34, 34, 34, 34, 34, 34, 35, 35, 35, 35, 35, 36, 36, 36, 36, 37, 37, 37, 38, 38, 38, 38, 39, 39, 39, 39, 40, 40, 40, 40, 41, 41, 41, 41, 41, 41, 42, 42, 40, 40, 40, 41, 41, 41, 43, 43, 43, 44, 44, 44, 44, 44, 45, 45, 45, 45, 45, 46, 46, 46, 46, 46, 46, 47, 47, 47, 47, 47, 47, 47, 48, 48, 48, 48, 48, 48, 48, 48, 48, 48, 48, 48, 48, 48, 48, 48, 48, 48, 48, 48, 48, 48
AGRIGENTO, 33, 33, 33, 33, 33, 34, 34, 34, 34, 35, 35, 35, 36, 36, 36, 36, 37, 37, 37, 37, 38, 38, 38, 38, 39, 39, 39, 39, 40, 40, 38, 38, 38, 38, 39, 39
ALESSANDRIA, 40, 40, 40, 41, 41, 41, 41, 42, 42, 42, 42, 43, 43, 43, 43, 43, 43, 44, 44, 44, 44, 44, 44, 44, 44, 44, 44, 45, 45, 45, 44, 44, 44, 44, 44, 44
ANCONA, 36, 37, 37, 37, 37, 38, 38, 38, 39, 39, 39, 40, 40, 40, 40, 41, 41, 41, 41, 41, 41, 41, 42, 42, 42, 42, 42, 42, 42, 42, 41, 41, 42, 42, 42, 42
AOSTA, 36, 36, 36, 37, 37, 37, 38, 38, 38, 39, 39, 39, 40, 40, 40, 40, 41, 41, 41, 42, 42, 42, 42, 42, 42, 43, 43, 43, 43, 43, 42, 42, 42, 42, 42, 42
AREZZO, 38, 38, 38, 39, 39, 39, 39, 40, 40, 40, 40, 41, 41, 41, 41, 41, 42, 42, 42, 42, 42, 42, 42, 42, 42, 43, 43, 43, 43, 43, 42, 42, 42, 42, 42, 42
ASCOLI PICENO, 36, 36, 36, 36, 37, 37, 37, 38, 38, 38, 39, 39, 39, 40, 40, 40, 40, 40, 40, 41, 41, 41, 41, 41, 41, 42, 42, 42, 42, 42, 41, 41, 41, 41, 42, 42
ASTI, 39, 40, 40, 40, 40, 40, 41, 41, 41, 41, 42, 42, 42, 42, 42, 42, 42, 43, 43, 43, 43, 43, 43, 43, 43, 43, 43, 43, 43, 43, 43, 43, 43, 43, 43, 43
AVELLINO, 33, 34, 34, 34, 34, 34, 35, 35, 35, 35, 36, 36, 36, 36, 37, 37, 37, 37, 38, 38, 38, 38, 39, 39, 39, 39, 40, 40, 40, 40, 38, 38, 39, 39, 39, 39
BARI, 31, 31, 31, 31, 32, 32, 32, 32, 33, 33, 34, 34, 34, 34, 35, 35, 35, 36, 36, 36, 37, 37, 37, 38, 38, 38, 39, 39, 39, 40, 36, 37, 37, 37, 38, 38
BASILICATA, 27, 27, 27, 27, 28, 28, 28, 28, 28, 28, 29, 29, 29, 29, 29, 30, 30, 30, 30, 31, 31, 31, 31, 31, 32, 32, 32, 32, 32, 33, 33, 33, 33, 34, 34, 34, 34, 35, 35, 35, 36, 36, 36, 36, 37, 37, 37, 37, 38, 38, 38, 39, 39, 39, 40, 40, 40, 41, 41, 41, 38, 39, 39, 39, 40, 40, 43, 43, 43, 43, 43, 44, 44, 44, 44, 45, 45, 45, 45, 46, 46, 46, 46, 47, 47, 47, 47, 47, 48, 48, 48, 48, 48, 49, 49, 49, 49, 49, 50, 50, 50, 50, 50, 50, 50, 50, 50, 51, 51, 51, 51, 51, 51, 51
BELLUNO, 36, 36, 36, 36, 37, 37, 37, 38, 38, 38, 39, 39, 39, 39, 40, 40, 40, 40, 41, 41, 41, 41, 41, 42, 42, 42, 42, 42, 43, 43, 41, 41, 41, 41, 42, 42
BENEVENTO, 34, 34, 35, 35, 35, 35, 35, 36, 36, 36, 36, 37, 37, 37, 37, 37, 38, 38, 38, 38, 39, 39, 39, 39, 40, 40, 40, 40, 41, 41, 39, 39, 39, 39, 40, 40
BERGAMO, 32, 32, 33, 33, 33, 34, 34, 34, 35, 35, 35, 36, 36, 36, 37, 37, 37, 37, 38, 38, 38, 38, 38, 39, 39, 39, 39, 39, 39, 40, 38, 38, 38, 39, 39, 39
BIELLA, 37, 38, 38, 38, 38, 39, 39, 39, 39, 40, 40, 40, 40, 41, 41, 41, 41, 41, 42, 42, 42, 42, 42, 43, 43, 43, 43, 44, 44, 44, 42, 42, 42, 43, 43, 43
BOLOGNA, 38, 39, 39, 39, 40, 40, 40, 41, 41, 41, 41, 42, 42, 42, 42, 43, 43, 43, 43, 43, 43, 43, 43, 43, 43, 43, 43, 43, 43, 43, 43, 43, 43, 43, 43, 43
BOLZANO, 32, 32, 32, 33, 33, 33, 33, 34, 34, 34, 35, 35, 35, 35, 36, 36, 36, 36, 37, 37, 37, 37, 37, 38, 38, 38, 38, 38, 39, 39, 37, 37, 37, 38, 38, 38
BRESCIA, 33, 33, 33, 34, 34, 34, 35, 35, 35, 36, 36, 36, 37, 37, 37, 38, 38, 38, 38, 38, 39, 39, 39, 39, 39, 39, 39, 40, 40, 40, 39, 39, 39, 39, 39, 39
BRINDISI, 31, 31, 31, 32, 32, 32, 32, 33, 33, 33, 34, 34, 35, 35, 35, 36, 36, 36, 37, 37, 37, 38, 38, 38, 39, 39, 39, 40, 40, 40, 37, 38, 38, 38, 39, 39
CAGLIARI, 30, 31, 31, 31, 32, 32, 32, 33, 33, 33, 34, 34, 35, 35, 36, 36, 36, 37, 37, 38, 38, 38, 39, 39, 39, 40, 40, 40, 41, 41, 38, 38, 39, 39, 40, 40
CALABRIA, 26, 26, 26, 26, 27, 27, 27, 27, 27, 27, 27, 28, 28, 28, 28, 28, 29, 29, 29, 29, 30, 30, 30, 30, 30, 31, 31, 31, 31, 31, 31, 32, 32, 32, 32, 33, 33, 33, 33, 34, 34, 35, 35, 35, 35, 36, 36, 36, 37, 37, 37, 38, 38, 38, 39, 39, 39, 40, 40, 40, 37, 38, 38, 38, 39, 39, 41, 42, 42, 42, 42, 43, 43, 43, 43, 43, 44, 44, 44, 44, 45, 45, 45, 45, 45, 46, 46, 46, 46, 46, 47, 47, 47, 47, 47, 47, 48, 48, 48, 48, 48, 48, 48, 48, 49, 49, 49, 49, 49, 49, 49, 49, 49, 49
CALTANISSETTA, 32, 32, 32, 32, 33, 33, 33, 33, 34, 34, 35, 35, 35, 35, 35, 35, 36, 36, 36, 37, 37, 37, 37, 38, 38, 38, 38, 38, 39, 39, 37, 37, 37, 38, 38, 38
CAMPANIA, 27, 27, 27, 27, 27, 27, 27, 28, 28, 28, 28, 28, 28, 28, 28, 28, 28, 28, 29, 29, 29, 29, 29, 29, 29, 29, 29, 30, 30, 30, 30, 30, 30, 31, 31, 31, 31, 32, 32, 32, 33, 33, 33, 34, 34, 34, 34, 35, 35, 35, 35, 36, 36, 36, 37, 37, 37, 37, 38, 38, 35, 36, 36, 36, 36, 37, 39, 40, 40, 40, 41, 41, 41, 42, 42, 42, 42, 43, 43, 43, 43, 44, 44, 44, 44, 45, 45, 45, 45, 46, 46, 46, 46, 46, 46, 47, 47, 47, 47, 47, 47, 47, 48, 48, 48, 48, 48, 48, 48, 48, 48, 48, 48, 48
CAMPOBASSO, 35, 35, 35, 36, 36, 36, 36, 37, 37, 37, 38, 38, 38, 38, 39, 39, 39, 39, 39, 40, 40, 40, 40, 41, 41, 41, 41, 41, 42, 42, 40, 40, 40, 41, 41, 41
CASERTA, 30, 30, 30, 30, 30, 31, 31, 31, 31, 32, 32, 32, 33, 33, 33, 33, 34, 34, 34, 35, 35, 35, 35, 36, 36, 36, 36, 37, 37, 37, 35, 35, 35, 36, 36, 36
CATANIA, 32, 32, 32, 32, 32, 32, 33, 33, 33, 33, 34, 34, 34, 34, 35, 35, 35, 35, 36, 36, 36, 37, 37, 37, 37, 38, 38, 38, 38, 39, 36, 37, 37, 37, 37, 38
CATANZARO, 31, 32, 32, 32, 32, 33, 33, 33, 34, 34, 34, 35, 35, 35, 36, 36, 36, 36, 37, 37, 38, 38, 38, 39, 39, 39, 39, 40, 40, 40, 38, 38, 38, 39, 39, 39
CHIETI, 35, 35, 36, 36, 36, 36, 37, 37, 37, 38, 38, 38, 39, 39, 39, 39, 39, 40, 40, 40, 40, 41, 41, 41, 41, 42, 42, 42, 42, 42, 40, 41, 41, 41, 41, 41
COMO, 34, 34, 34, 34, 35, 35, 35, 36, 36, 36, 37, 37, 37, 37, 38, 38, 38, 39, 39, 39, 39, 39, 40, 40, 40, 40, 40, 41, 41, 41, 39, 39, 40, 40, 40, 40
COSENZA, 31, 32, 32, 32, 32, 33, 33, 33, 34, 34, 35, 35, 35, 35, 36, 36, 36, 37, 37, 38, 38, 38, 39, 39, 39, 40, 40, 40, 40, 41, 38, 38, 39, 39, 39, 40
CREMONA, 36, 36, 36, 37, 37, 37, 38, 38, 38, 38, 39, 39, 39, 39, 40, 40, 40, 40, 40, 41, 41, 41, 41, 41, 41, 41, 41, 42, 42, 42, 41, 41, 41, 41, 41, 41
CROTONE, 28, 29, 29, 29, 29, 30, 30, 30, 31, 31, 32, 32, 33, 33, 33, 34, 34, 35, 35, 35, 36, 36, 37, 37, 37, 38, 38, 38, 38, 39, 36, 36, 36, 37, 37, 37
CUNEO, 37, 38, 38, 38, 38, 38, 39, 39, 39, 39, 40, 40, 40, 40, 40, 41, 41, 41, 41, 41, 41, 41, 41, 42, 42, 42, 42, 42, 42, 42, 41, 41, 41, 41, 42, 42
EMILIA-ROMAGNA, 32, 32, 33, 33, 33, 33, 34, 34, 34, 34, 34, 34, 35, 35, 35, 35, 35, 35, 35, 36, 36, 36, 36, 36, 36, 36, 36, 37, 37, 37, 37, 38, 38, 38, 39, 39, 39, 40, 40, 40, 40, 41, 41, 41, 41, 42, 42, 42, 42, 42, 42, 42, 42, 42, 42, 42, 42, 42, 42, 43, 42, 42, 42, 42, 42, 42, 43, 43, 44, 44, 44, 44, 44, 44, 44, 45, 45, 45, 45, 45, 45, 45, 46, 46, 46, 46, 46, 46, 46, 46, 46, 47, 47, 47, 47, 47, 47, 47, 47, 47, 47, 47, 47, 47, 47, 47, 47, 47, 47, 47, 47, 47, 47, 47
ENNA, 34, 34, 34, 34, 34, 34, 35, 35, 35, 35, 36, 36, 36, 36, 37, 37, 37, 37, 38, 38, 38, 38, 39, 39, 39, 39, 40, 40, 40, 40, 38, 38, 39, 39, 39, 39
FERRARA, 37, 38, 38, 38, 39, 39, 40, 40, 40, 41, 41, 41, 42, 42, 42, 43, 43, 43, 43, 44, 44, 44, 44, 44, 44, 45, 45, 45, 45, 45, 44, 44, 44, 44, 44, 44
FIRENZE, 38, 38, 38, 38, 39, 39, 39, 40, 40, 40, 40, 41, 41, 41, 41, 42, 42, 42, 42, 42, 42, 43, 43, 43, 43, 43, 43, 43, 43, 43, 42, 43, 43, 43, 43, 43
FOGGIA, 31, 31, 31, 32, 32, 32, 32, 33, 33, 33, 34, 34, 34, 35, 35, 35, 35, 36, 36, 36, 37, 37, 37, 37, 38, 38, 38, 39, 39, 39, 36, 37, 37, 37, 38, 38
FRIULI VENEZIA GIULIA, 32, 32, 32, 33, 33, 33, 33, 34, 34, 34, 35, 35, 35, 35, 35, 35, 35, 35, 35, 35, 35, 35, 36, 36, 36, 36, 36, 36, 36, 36, 37, 37, 37, 37, 38, 38, 38, 39, 39, 39, 40, 40, 40, 40, 41, 41, 41, 41, 41, 42, 42, 42, 42, 42, 42, 42, 43, 43, 43, 43, 42, 42, 42, 42, 42, 42, 44, 44, 45, 45, 45, 45, 45, 45, 46, 46, 46, 46, 46, 46, 46, 46, 47, 47, 47, 47, 47, 47, 47, 47, 47, 47, 47, 48, 48, 48, 48, 48, 48, 48, 48, 48, 48, 48, 48, 48, 48, 48, 48, 48, 48, 48, 48, 48
FROSINONE, 34, 34, 34, 34, 35, 35, 35, 35, 36, 36, 36, 37, 37, 37, 37, 38, 38, 38, 38, 39, 39, 39, 40, 40, 40, 40, 41, 41, 41, 41, 39, 39, 40, 40, 40, 40
GENOVA, 39, 39, 39, 39, 40, 40, 40, 41, 41, 41, 42, 42, 42, 42, 43, 43, 43, 43, 43, 44, 44, 44, 44, 44, 44, 44, 45, 45, 45, 45, 44, 44, 44, 44, 44, 44
GORIZIA, 37, 37, 37, 38, 38, 39, 39, 39, 40, 40, 40, 41, 41, 41, 41, 41, 42, 42, 42, 42, 42, 42, 42, 42, 43, 43, 43, 43, 43, 44, 42, 42, 42, 43, 43, 43
GROSSETO, 38, 38, 39, 39, 39, 40, 40, 40, 40, 41, 41, 41, 42, 42, 42, 42, 43, 43, 43, 43, 43, 44, 44, 44, 44, 44, 44, 44, 44, 44, 43, 44, 44, 44, 44, 44
IMPERIA, 39, 39, 39, 40, 40, 40, 40, 41, 41, 41, 41, 42, 42, 42, 42, 42, 43, 43, 43, 43, 44, 44, 44, 44, 44, 44, 44, 44, 44, 44, 43, 44, 44, 44, 44, 44
ISERNIA, 36, 36, 36, 36, 37, 37, 37, 37, 37, 38, 38, 38, 39, 39, 39, 39, 40, 40, 40, 40, 40, 41, 41, 41, 41, 42, 42, 42, 42, 43, 40, 41, 41, 41, 41, 42
ITALIA, 30, 30, 31, 31, 31, 31, 31, 31, 31, 32, 32, 32, 32, 32, 32, 32, 32, 32, 32, 32, 33, 33, 33, 33, 33, 33, 33, 33, 34, 34, 34, 34, 34, 35, 35, 35, 36, 36, 36, 36, 37, 37, 37, 38, 38, 38, 38, 39, 39, 39, 39, 40, 40, 40, 40, 40, 41, 41, 41, 41, 39, 40, 40, 40, 40, 40, 42, 42, 43, 43, 43, 43, 43, 44, 44, 44, 44, 44, 45, 45, 45, 45, 45, 45, 46, 46, 46, 46, 46, 46, 46, 47, 47, 47, 47, 47, 47, 47, 47, 47, 47, 47, 47, 48, 48, 48, 48, 48, 48, 48, 48, 48, 48, 48
L'AQUILA, 36, 36, 36, 36, 37, 37, 37, 37, 37, 38, 38, 39, 39, 39, 39, 39, 40, 40, 40, 40, 40, 41, 41, 41, 41, 42, 42, 42, 42, 42, 40, 41, 41, 41, 41, 42
LA SPEZIA, 39, 39, 39, 39, 40, 40, 40, 41, 41, 41, 42, 42, 42, 42, 42, 43, 43, 43, 43, 44, 44, 44, 44, 44, 44, 45, 45, 45, 45, 45, 44, 44, 44, 44, 44, 44
LATINA, 32, 32, 32, 32, 33, 33, 33, 34, 34, 34, 35, 35, 35, 36, 36, 36, 37, 37, 37, 37, 38, 38, 38, 39, 39, 39, 39, 40, 40, 40, 38, 38, 38, 38, 39, 39
LAZIO, 29, 30, 30, 30, 30, 30, 30, 31, 31, 31, 31, 31, 31, 31, 31, 31, 31, 31, 31, 32, 32, 32, 32, 32, 32, 32, 33, 33, 33, 33, 34, 34, 34, 34, 35, 35, 35, 36, 36, 36, 37, 37, 37, 38, 38, 38, 38, 39, 39, 39, 39, 40, 40, 40, 40, 40, 41, 41, 41, 41, 39, 40, 40, 40, 40, 40, 42, 42, 42, 42, 43, 43, 43, 43, 43, 44, 44, 44, 44, 44, 44, 44, 45, 45, 45, 45, 45, 45, 45, 45, 46, 46, 46, 46, 46, 46, 46, 46, 46, 46, 46, 46, 46, 46, 46, 46, 46, 46, 46, 46, 46, 46, 46, 46
LECCE, 31, 32, 32, 32, 32, 33, 33, 33, 34, 34, 35, 35, 35, 36, 36, 36, 37, 37, 37, 38, 38, 38, 39, 39, 39, 40, 40, 40, 40, 41, 38, 38, 39, 39, 39, 39
LECCO, 33, 34, 34, 34, 34, 35, 35, 35, 36, 36, 36, 37, 37, 37, 38, 38, 38, 38, 39, 39, 39, 39, 40, 40, 40, 40, 40, 41, 41, 41, 39, 39, 39, 40, 40, 40
LIGURIA, 35, 35, 36, 36, 36, 36, 36, 36, 36, 37, 37, 37, 37, 37, 37, 37, 37, 37, 37, 37, 37, 37, 37, 37, 37, 38, 38, 38, 38, 38, 39, 39, 39, 40, 40, 40, 40, 41, 41, 41, 42, 42, 42, 42, 43, 43, 43, 43, 43, 44, 44, 44, 44, 44, 44, 45, 45, 45, 45, 45, 44, 44, 44, 44, 44, 44, 46, 46, 46, 46, 46, 46, 46, 46, 46, 47, 47, 47, 47, 47, 47, 47, 47, 47, 47, 47, 47, 47, 47, 47, 48, 48, 48, 48, 48, 48, 48, 48, 48, 48, 48, 48, 48, 48, 48, 48, 48, 48, 48, 48, 48, 48, 48, 48
LIVORNO, 37, 37, 38, 38, 38, 38, 39, 39, 39, 40, 40, 40, 41, 41, 41, 42, 42, 42, 42, 43, 43, 43, 43, 43, 43, 44, 44, 44, 44, 44, 43, 43, 43, 43, 43, 43
LODI, 35, 35, 35, 35, 35, 36, 36, 36, 37, 37, 38, 38, 38, 38, 39, 39, 39, 39, 39, 39, 40, 40, 40, 40, 40, 40, 40, 40, 40, 41, 39, 40, 40, 40, 40, 40
LOMBARDIA, 32, 32, 32, 32, 32, 32, 32, 33, 33, 33, 33, 33, 33, 33, 33, 33, 32, 32, 32, 33, 33, 33, 33, 33, 33, 33, 33, 33, 33, 34, 34, 34, 35, 35, 35, 35, 36, 36, 36, 37, 37, 37, 38, 38, 38, 39, 39, 39, 39, 39, 40, 40, 40, 40, 40, 40, 41, 41, 41, 41, 40, 40, 40, 40, 40, 40, 42, 42, 42, 43, 43, 43, 43, 43, 44, 44, 44, 44, 44, 44, 45, 45, 45, 45, 45, 45, 45, 46, 46, 46, 46, 46, 46, 46, 46, 46, 46, 47, 47, 47, 47, 47, 47, 47, 47, 47, 47, 47, 47, 47, 47, 47, 47, 47
LUCCA, 37, 37, 37, 38, 38, 38, 38, 39, 39, 39, 40, 40, 40, 40, 41, 41, 41, 41, 41, 42, 42, 42, 42, 42, 42, 43, 43, 43, 43, 43, 42, 42, 42, 42, 42, 42
MACERATA, 37, 37, 38, 38, 38, 38, 39, 39, 39, 40, 40, 40, 40, 41, 41, 41, 41, 41, 41, 41, 42, 42, 42, 42, 42, 42, 42, 42, 42, 42, 42, 42, 42, 42, 42, 42
MANTOVA, 37, 37, 37, 37, 38, 38, 38, 38, 39, 39, 39, 40, 40, 40, 40, 40, 41, 41, 41, 41, 41, 41, 41, 41, 41, 41, 41, 41, 42, 42, 41, 41, 41, 41, 41, 41
MARCHE, 30, 30, 31, 31, 31, 31, 32, 32, 32, 32, 33, 33, 33, 33, 33, 34, 34, 34, 34, 34, 34, 35, 35, 35, 35, 35, 35, 36, 36, 36, 36, 37, 37, 37, 37, 38, 38, 38, 39, 39, 39, 40, 40, 40, 40, 40, 41, 41, 41, 41, 41, 41, 41, 42, 42, 42, 42, 42, 42, 42, 41, 41, 41, 41, 42, 42, 43, 44, 44, 44, 44, 44, 45, 45, 45, 45, 45, 45, 46, 46, 46, 46, 46, 46, 47, 47, 47, 47, 47, 47, 47, 47, 48, 48, 48, 48, 48, 48, 48, 48, 48, 48, 48, 48, 48, 48, 48, 48, 48, 48, 48, 48, 48, 48
MASSA-CARRARA, 37, 37, 37, 37, 38, 38, 38, 39, 39, 39, 40, 40, 40, 40, 41, 41, 41, 41, 42, 42, 42, 42, 42, 43, 43, 43, 43, 43, 43, 44, 42, 42, 42, 43, 43, 43
MATERA, 32, 32, 32, 33, 33, 33, 34, 34, 34, 34, 35, 35, 35, 36, 36, 36, 37, 37, 37, 38, 38, 38, 39, 39, 39, 39, 40, 40, 40, 41, 38, 38, 38, 39, 39, 39
MESSINA, 34, 34, 34, 35, 35, 35, 35, 35, 36, 36, 36, 37, 37, 37, 37, 37, 38, 38, 38, 38, 39, 39, 39, 40, 40, 40, 40, 41, 41, 41, 39, 39, 39, 40, 40, 40
MILANO, 34, 34, 35, 35, 35, 36, 36, 36, 37, 37, 37, 38, 38, 38, 39, 39, 39, 39, 40, 40, 40, 41, 41, 41, 41, 41, 41, 41, 42, 42, 40, 40, 40, 40, 41, 41
MODENA, 36, 37, 37, 37, 38, 38, 38, 39, 39, 39, 39, 40, 40, 40, 40, 40, 41, 41, 41, 41, 41, 41, 41, 41, 41, 41, 41, 41, 41, 42, 41, 41, 41, 41, 41, 41
MOLISE, 29, 29, 29, 29, 30, 30, 30, 31, 31, 31, 31, 32, 32, 32, 32, 32, 33, 33, 33, 33, 34, 34, 34, 34, 34, 34, 34, 35, 35, 35, 35, 35, 36, 36, 36, 36, 37, 37, 37, 37, 38, 38, 38, 38, 39, 39, 39, 39, 40, 40, 40, 40, 41, 41, 41, 41, 41, 42, 42, 42, 40, 40, 40, 41, 41, 41, 43, 44, 44, 44, 44, 44, 44, 44, 45, 45, 45, 45, 45, 45, 46, 46, 46, 46, 46, 47, 47, 47, 47, 47, 48, 48, 48, 48, 48, 49, 49, 49, 49, 49, 49, 50, 50, 50, 50, 50, 50, 50, 51, 51, 51, 51, 51, 51
NAPOLI, 29, 29, 29, 29, 30, 30, 30, 31, 31, 31, 32, 32, 32, 32, 33, 33, 33, 33, 34, 34, 34, 35, 35, 35, 35, 36, 36, 36, 37, 37, 34, 35, 35, 35, 35, 36
NOVARA, 36, 36, 37, 37, 37, 37, 38, 38, 38, 38, 38, 39, 39, 39, 39, 40, 40, 40, 40, 40, 41, 41, 41, 41, 41, 41, 41, 41, 42, 42, 40, 41, 41, 41, 41, 41
NUORO, 32, 32, 33, 33, 33, 33, 34, 34, 34, 35, 35, 36, 36, 36, 37, 37, 37, 38, 38, 38, 38, 39, 39, 39, 40, 40, 40, 41, 41, 41, 38, 39, 39, 39, 40, 40
ORISTANO, 34, 34, 34, 34, 35, 35, 35, 35, 36, 36, 36, 37, 37, 37, 38, 38, 38, 39, 39, 39, 40, 40, 40, 41, 41, 41, 42, 42, 42, 43, 40, 40, 40, 41, 41, 41
PADOVA, 33, 33, 34, 34, 34, 35, 35, 36, 36, 36, 37, 37, 37, 38, 38, 38, 38, 39, 39, 39, 39, 40, 40, 40, 40, 40, 40, 41, 41, 41, 39, 40, 40, 40, 40, 40
PALERMO, 32, 32, 32, 32, 32, 33, 33, 33, 33, 34, 34, 34, 35, 35, 35, 35, 35, 36, 36, 36, 37, 37, 37, 37, 38, 38, 38, 38, 39, 39, 37, 37, 37, 37, 38, 38
PARMA, 39, 39, 39, 39, 40, 40, 40, 40, 41, 41, 41, 41, 41, 42, 42, 42, 42, 42, 42, 42, 42, 42, 42, 42, 42, 43, 43, 42, 42, 42, 42, 42, 43, 42, 42, 42
PAVIA, 38, 38, 39, 39, 39, 39, 40, 40, 40, 40, 40, 41, 41, 41, 41, 41, 41, 42, 42, 42, 42, 42, 42, 42, 42, 42, 42, 42, 42, 43, 42, 42, 42, 42, 42, 42
PERUGIA, 37, 37, 37, 38, 38, 38, 39, 39, 39, 39, 40, 40, 40, 40, 41, 41, 41, 41, 41, 41, 42, 42, 42, 42, 42, 42, 42, 42, 42, 42, 42, 42, 42, 42, 42, 42
PESARO E URBINO, 36, 36, 37, 37, 37, 38, 38, 38, 38, 39, 39, 39, 40, 40, 40, 40, 41, 41, 41, 41, 41, 41, 41, 41, 41, 41, 41, 41, 42, 42, 41, 41, 41, 41, 41, 41
PESCARA, 34, 35, 35, 35, 35, 36, 36, 36, 37, 37, 37, 38, 38, 38, 38, 39, 39, 39, 39, 40, 40, 40, 40, 40, 41, 41, 41, 41, 41, 41, 40, 40, 40, 40, 40, 41
PIACENZA, 39, 39, 39, 40, 40, 40, 41, 41, 41, 41, 42, 42, 42, 42, 42, 43, 43, 43, 43, 43, 43, 43, 43, 43, 43, 43, 43, 43, 43, 43, 43, 43, 43, 43, 43, 43
PIEMONTE, 35, 36, 35, 36, 36, 36, 36, 36, 36, 36, 36, 36, 36, 36, 35, 35, 35, 35, 35, 35, 35, 35, 35, 35, 35, 35, 35, 36, 36, 36, 36, 37, 37, 37, 37, 38, 38, 38, 39, 39, 39, 40, 40, 40, 40, 41, 41, 41, 41, 41, 42, 42, 42, 42, 42, 42, 42, 43, 43, 43, 42, 42, 42, 42, 42, 42, 44, 44, 44, 44, 44, 45, 45, 45, 45, 45, 45, 45, 46, 46, 46, 46, 46, 46, 46, 46, 46, 47, 47, 47, 47, 47, 47, 47, 47, 47, 47, 47, 47, 47, 47, 47, 47, 47, 47, 47, 47, 47, 47, 47, 47, 47, 47, 47
PISA, 37, 38, 38, 38, 38, 38, 39, 39, 39, 39, 40, 40, 40, 40, 41, 41, 41, 41, 41, 42, 42, 42, 42, 42, 42, 42, 42, 42, 42, 43, 42, 42, 42, 42, 42, 42
PISTOIA, 37, 37, 38, 38, 38, 39, 39, 39, 39, 40, 40, 40, 40, 41, 41, 41, 41, 41, 41, 42, 42, 42, 42, 42, 42, 42, 42, 42, 43, 43, 42, 42, 42, 42, 42, 42
PORDENONE, 35, 35, 35, 36, 36, 36, 37, 37, 37, 38, 38, 38, 39, 39, 39, 39, 40, 40, 40, 40, 40, 40, 40, 40, 41, 41, 41, 41, 41, 41, 40, 40, 40, 41, 41, 41
POTENZA, 33, 34, 34, 34, 34, 34, 35, 35, 35, 36, 36, 36, 36, 37, 37, 37, 37, 38, 38, 38, 39, 39, 39, 40, 40, 40, 40, 41, 41, 41, 39, 39, 39, 40, 40, 40
PRATO, 35, 35, 36, 36, 36, 37, 37, 37, 37, 38, 38, 38, 39, 39, 39, 39, 40, 40, 40, 40, 40, 40, 41, 41, 41, 41, 41, 41, 41, 41, 40, 40, 40, 41, 40, 41
PUGLIA, 27, 27, 27, 28, 28, 28, 28, 28, 28, 28, 28, 29, 29, 29, 29, 29, 29, 29, 29, 29, 30, 30, 30, 30, 30, 30, 30, 30, 30, 31, 31, 31, 31, 32, 32, 32, 32, 33, 33, 33, 34, 34, 34, 35, 35, 35, 36, 36, 36, 37, 37, 37, 38, 38, 38, 39, 39, 39, 39, 40, 37, 37, 38, 38, 38, 38, 41, 42, 42, 42, 43, 43, 43, 43, 44, 44, 44, 44, 45, 45, 45, 45, 46, 46, 46, 46, 46, 47, 47, 47, 47, 47, 48, 48, 48, 48, 48, 48, 48, 49, 49, 49, 49, 49, 49, 49, 49, 49, 49, 49, 49, 49, 49, 49
RAGUSA, 33, 33, 34, 34, 34, 34, 34, 35, 35, 35, 36, 36, 36, 36, 36, 37, 37, 37, 37, 37, 38, 38, 38, 38, 38, 39, 39, 39, 39, 39, 38, 38, 38, 38, 38, 38
RAVENNA, 38, 38, 38, 39, 39, 39, 40, 40, 41, 41, 41, 42, 42, 42, 42, 43, 43, 43, 43, 43, 43, 43, 43, 43, 43, 43, 43, 43, 43, 43, 43, 43, 43, 43, 43, 43
REGGIO DI CALABRIA, 32, 32, 33, 33, 33, 33, 33, 34, 34, 34, 35, 35, 35, 35, 36, 36, 36, 36, 37, 37, 37, 38, 38, 38, 38, 39, 39, 39, 39, 40, 37, 38, 38, 38, 38, 39
REGGIO NELL'EMILIA, 37, 37, 38, 38, 38, 39, 39, 39, 39, 40, 40, 40, 40, 40, 41, 41, 41, 41, 41, 41, 41, 41, 40, 40, 40, 40, 40, 40, 40, 41, 41, 41, 41, 40, 40, 40
RIETI, 37, 37, 37, 38, 38, 38, 38, 39, 39, 39, 40, 40, 40, 40, 40, 40, 41, 41, 41, 41, 42, 42, 42, 42, 42, 43, 43, 43, 43, 43, 41, 42, 42, 42, 42, 42
RIMINI, 35, 35, 35, 36, 36, 36, 37, 37, 37, 38, 38, 38, 39, 39, 39, 40, 40, 40, 40, 40, 41, 41, 41, 41, 41, 41, 41, 41, 42, 42, 40, 41, 41, 41, 41, 41
ROMA, 33, 34, 34, 34, 35, 35, 35, 36, 36, 36, 37, 37, 37, 38, 38, 38, 39, 39, 39, 39, 39, 40, 40, 40, 40, 40, 40, 41, 41, 41, 39, 40, 40, 40, 40, 40
ROVIGO, 35, 36, 36, 36, 36, 37, 37, 37, 38, 38, 39, 39, 39, 39, 40, 40, 40, 41, 41, 41, 42, 42, 42, 42, 42, 43, 43, 43, 43, 43, 41, 42, 42, 42, 42, 43
SALERNO, 32, 32, 32, 32, 33, 33, 33, 33, 34, 34, 34, 35, 35, 35, 35, 36, 36, 36, 36, 37, 37, 37, 38, 38, 38, 38, 39, 39, 39, 40, 37, 37, 38, 38, 38, 38
SARDEGNA, 28, 28, 28, 28, 28, 28, 28, 29, 29, 29, 29, 29, 29, 29, 29, 29, 30, 30, 30, 30, 30, 30, 30, 30, 30, 31, 31, 31, 31, 31, 31, 32, 32, 32, 33, 33, 33, 34, 34, 34, 35, 35, 35, 36, 36, 37, 37, 37, 38, 38, 38, 39, 39, 40, 40, 40, 41, 41, 41, 42, 38, 39, 39, 39, 40, 40, 43, 44, 44, 44, 45, 45, 45, 46, 46, 46, 46, 47, 47, 47, 47, 48, 48, 48, 48, 49, 49, 49, 49, 49, 50, 50, 50, 50, 50, 50, 51, 51, 51, 51, 51, 51, 51, 51, 51, 52, 52, 52, 52, 52, 52, 52, 52, 52
SASSARI, 32, 32, 33, 33, 33, 33, 34, 34, 34, 35, 35, 35, 36, 36, 36, 37, 37, 38, 38, 38, 39, 39, 39, 40, 40, 40, 41, 41, 41, 42, 38, 39, 39, 39, 40, 40
SAVONA, 39, 39, 40, 40, 40, 41, 41, 41, 41, 42, 42, 42, 43, 43, 43, 43, 43, 44, 44, 44, 44, 44, 44, 45, 45, 45, 45, 45, 45, 45, 44, 44, 44, 45, 45, 45
SICILIA, 29, 29, 29, 29, 29, 29, 29, 29, 29, 30, 30, 30, 30, 30, 30, 30, 31, 31, 31, 31, 31, 31, 31, 32, 32, 32, 32, 32, 32, 32, 32, 33, 33, 33, 33, 33, 34, 34, 34, 34, 35, 35, 35, 35, 36, 36, 36, 36, 37, 37, 37, 38, 38, 38, 38, 39, 39, 39, 39, 40, 37, 38, 38, 38, 38, 38, 41, 41, 41, 42, 42, 42, 42, 42, 43, 43, 43, 43, 44, 44, 44, 44, 44, 45, 45, 45, 45, 45, 46, 46, 46, 46, 46, 46, 47, 47, 47, 47, 47, 47, 47, 47, 48, 48, 48, 48, 48, 48, 48, 48, 48, 48, 48, 48
SIENA, 40, 40, 40, 41, 41, 41, 41, 42, 42, 42, 42, 43, 43, 43, 43, 43, 43, 43, 43, 43, 43, 43, 43, 43, 43, 44, 43, 43, 43, 44, 43, 43, 43, 43, 43, 43
SIRACUSA, 32, 32, 32, 33, 33, 33, 33, 34, 34, 34, 35, 35, 35, 35, 36, 36, 36, 37, 37, 37, 38, 38, 38, 38, 39, 39, 39, 39, 40, 40, 38, 38, 38, 38, 39, 39
SONDRIO, 33, 33, 33, 34, 34, 34, 35, 35, 35, 36, 36, 36, 37, 37, 37, 37, 38, 38, 38, 38, 39, 39, 39, 40, 40, 40, 40, 41, 41, 41, 39, 39, 39, 40, 40, 40
TARANTO, 30, 30, 31, 31, 31, 32, 32, 32, 33, 33, 34, 34, 34, 35, 35, 35, 36, 36, 36, 37, 37, 38, 38, 38, 39, 39, 39, 40, 40, 40, 37, 38, 38, 38, 39, 39
TERAMO, 34, 35, 35, 35, 35, 36, 36, 36, 36, 37, 37, 37, 38, 38, 38, 38, 39, 39, 39, 39, 40, 40, 40, 40, 40, 41, 41, 41, 41, 41, 40, 40, 40, 40, 40, 41
TERNI, 38, 38, 38, 39, 39, 39, 39, 40, 40, 40, 41, 41, 41, 42, 42, 42, 42, 43, 43, 43, 43, 43, 43, 43, 44, 44, 44, 44, 44, 44, 43, 43, 43, 43, 43, 43
TORINO, 35, 35, 35, 36, 36, 37, 37, 37, 38, 38, 38, 39, 39, 39, 40, 40, 40, 40, 41, 41, 41, 41, 42, 42, 42, 42, 42, 42, 42, 43, 41, 41, 41, 42, 42, 42
TOSCANA, 33, 33, 34, 34, 34, 34, 34, 35, 35, 35, 35, 35, 35, 35, 35, 36, 36, 36, 36, 36, 36, 36, 36, 36, 36, 37, 37, 37, 37, 37, 37, 38, 38, 38, 38, 39, 39, 39, 40, 40, 40, 40, 41, 41, 41, 41, 42, 42, 42, 42, 42, 42, 42, 43, 43, 43, 43, 43, 43, 43, 42, 42, 42, 42, 42, 43, 44, 44, 44, 44, 44, 45, 45, 45, 45, 45, 45, 45, 45, 46, 46, 46, 46, 46, 46, 46, 46, 46, 46, 47, 47, 47, 47, 47, 47, 47, 47, 47, 47, 47, 47, 47, 47, 47, 47, 47, 47, 47, 47, 47, 47, 47, 47, 47
TRAPANI, 33, 34, 34, 34, 34, 34, 35, 35, 35, 35, 36, 36, 36, 37, 37, 37, 37, 38, 38, 38, 38, 39, 39, 39, 39, 40, 40, 40, 40, 41, 38, 38, 39, 39, 39, 39
TRENTINO ALTO ADIGE, 30, 30, 31, 31, 31, 31, 31, 31, 31, 31, 31, 31, 31, 31, 31, 31, 31, 31, 31, 31, 31, 32, 32, 32, 32, 32, 32, 32, 33, 33, 33, 33, 34, 34, 34, 34, 35, 35, 35, 36, 36, 36, 36, 37, 37, 37, 37, 37, 38, 38, 38, 38, 38, 38, 39, 39, 39, 39, 39, 40, 38, 38, 38, 38, 39, 39, 41, 41, 41, 41, 42, 42, 42, 42, 42, 42, 43, 43, 43, 43, 43, 43, 43, 43, 44, 44, 44, 44, 44, 44, 44, 44, 45, 45, 45, 45, 45, 45, 45, 45, 45, 45, 45, 45, 45, 46, 46, 46, 46, 46, 46, 46, 46, 46
TRENTO, 34, 35, 35, 35, 35, 36, 36, 36, 36, 37, 37, 37, 37, 38, 38, 38, 38, 38, 39, 39, 39, 39, 39, 39, 39, 40, 40, 40, 40, 40, 39, 39, 39, 39, 39, 40
TREVISO, 33, 34, 34, 34, 35, 35, 35, 36, 36, 36, 37, 37, 37, 38, 38, 38, 38, 38, 39, 39, 39, 39, 39, 39, 39, 40, 40, 40, 40, 40, 39, 39, 39, 39, 39, 39
TRIESTE, 40, 40, 40, 40, 41, 41, 41, 41, 42, 42, 42, 42, 42, 43, 43, 43, 43, 43, 44, 44, 44, 44, 44, 44, 44, 45, 45, 45, 45, 45, 44, 44, 44, 44, 45, 45
UDINE, 36, 36, 37, 37, 37, 37, 38, 38, 38, 39, 39, 39, 40, 40, 40, 40, 41, 41, 41, 41, 41, 42, 42, 42, 42, 42, 42, 43, 43, 43, 41, 42, 42, 42, 42, 42
UMBRIA, 31, 31, 31, 32, 32, 32, 32, 33, 33, 33, 33, 34, 34, 34, 34, 34, 35, 35, 35, 35, 35, 36, 36, 36, 36, 36, 36, 36, 37, 37, 37, 37, 38, 38, 38, 38, 39, 39, 39, 40, 40, 40, 40, 41, 41, 41, 41, 42, 42, 42, 42, 42, 42, 42, 42, 42, 42, 43, 43, 43, 42, 42, 42, 42, 42, 42, 44, 44, 44, 44, 44, 45, 45, 45, 45, 45, 45, 46, 46, 46, 46, 46, 46, 47, 47, 47, 47, 47, 47, 47, 47, 48, 48, 48, 48, 48, 48, 48, 48, 48, 48, 48, 48, 48, 48, 48, 48, 48, 48, 48, 48, 48, 48, 48
VALLE D'AOSTA, 32, 33, 33, 33, 33, 33, 33, 34, 34, 34, 34, 34, 34, 34, 34, 34, 34, 35, 34, 34, 34, 34, 34, 35, 35, 35, 35, 35, 35, 35, 36, 36, 36, 37, 37, 37, 37, 38, 38, 38, 38, 39, 39, 39, 39, 39, 40, 40, 40, 40, 40, 41, 41, 41, 41, 41, 41, 41, 42, 42, 40, 41, 41, 41, 41, 41, 43, 43, 43, 44, 44, 44, 44, 44, 44, 45, 45, 45, 45, 45, 45, 45, 45, 46, 46, 46, 46, 46, 46, 46, 46, 46, 46, 46, 46, 46, 46, 46, 46, 46, 46, 46, 46, 46, 46, 46, 46, 46, 46, 46, 46, 46, 46, 46
VARESE, 34, 34, 34, 35, 35, 35, 36, 36, 36, 36, 37, 37, 37, 38, 38, 38, 39, 39, 39, 39, 40, 40, 40, 40, 40, 41, 41, 41, 41, 41, 40, 40, 40, 40, 40, 41
VENETO, 29, 29, 30, 30, 30, 30, 31, 31, 31, 31, 31, 31, 31, 31, 31, 32, 32, 32, 32, 32, 32, 32, 32, 32, 32, 32, 33, 33, 33, 33, 34, 34, 34, 35, 35, 35, 36, 36, 36, 37, 37, 37, 38, 38, 38, 38, 39, 39, 39, 39, 40, 40, 40, 40, 40, 40, 40, 41, 41, 41, 39, 40, 40, 40, 40, 40, 42, 43, 43, 43, 43, 44, 44, 44, 44, 45, 45, 45, 45, 45, 46, 46, 46, 46, 46, 46, 46, 47, 47, 47, 47, 47, 47, 47, 47, 47, 47, 48, 48, 48, 48, 48, 48, 48, 48, 48, 48, 48, 48, 48, 48, 48, 47, 47
VENEZIA, 34, 34, 34, 35, 35, 35, 36, 36, 37, 37, 38, 38, 38, 39, 39, 39, 40, 40, 40, 40, 41, 41, 41, 41, 41, 42, 42, 42, 42, 42, 41, 41, 41, 41, 41, 42
VERBANO-CUSIO-OSSOLA, 35, 35, 36, 36, 36, 37, 37, 37, 38, 38, 38, 39, 39, 39, 40, 40, 40, 40, 41, 41, 41, 41, 42, 42, 42, 42, 43, 43, 43, 43, 41, 41, 42, 42, 42, 42
VERCELLI, 39, 39, 39, 39, 39, 39, 40, 40, 40, 40, 41, 41, 41, 41, 41, 41, 42, 42, 42, 42, 42, 43, 43, 43, 43, 43, 43, 43, 44, 44, 42, 43, 43, 43, 43, 43
VERONA, 34, 34, 35, 35, 35, 36, 36, 36, 36, 37, 37, 37, 38, 38, 38, 38, 39, 39, 39, 39, 39, 39, 40, 40, 40, 40, 40, 40, 40, 41, 39, 39, 40, 40, 40, 40
VIBO VALENTIA, 31, 31, 32, 32, 32, 32, 33, 33, 33, 34, 34, 34, 35, 35, 35, 36, 36, 36, 36, 37, 37, 37, 38, 38, 38, 39, 39, 39, 40, 40, 37, 38, 38, 38, 38, 39
VICENZA, 33, 33, 34, 34, 34, 34, 35, 35, 35, 36, 36, 36, 37, 37, 37, 37, 38, 38, 38, 38, 38, 39, 39, 39, 39, 39, 39, 40, 40, 40, 38, 38, 39, 39, 39, 39
VITERBO, 36, 36, 37, 37, 37, 37, 37, 38, 38, 38, 39, 39, 39, 39, 40, 40, 40, 40, 41, 41, 41, 41, 41, 42, 42, 42, 42, 42, 42, 42, 41, 41, 41, 41, 42, 42
